date,page,clicks,impressions,ctr,position
2025-11-19,/,0,1,0,37
2025-11-20,/,0,1,0,38
2025-11-21,/,2,7,0.2857,21.14
2025-11-22,/,0,1,0,1
2025-11-22,/,0,4,0,30.25
2025-11-22,/blog/best-travel-apps-2025,0,2,0,42
2025-11-22,/blog/how-to-automatically-track-flights-2025,0,2,0,2
2025-11-22,/blog/tripcase-alternative-2025,0,1,0,10
2025-11-22,/blog/tripcase-shutdown-what-now,0,1,0,7
2025-11-23,/,0,6,0,28.83
2025-11-23,/blog/best-travel-apps-2025,0,5,0,7.2
2025-11-23,/blog/getting-started-with-tripcache,0,1,0,11
2025-11-23,/blog/how-to-automatically-track-flights-2025,0,8,0,7
2025-11-23,/blog/privacy-and-security,0,1,0,2
2025-11-23,/blog/travel-expense-tracking,0,1,0,11
2025-11-23,/blog/tripcase-alternative-2025,0,7,0,11.57
2025-11-23,/blog/tripcase-shutdown-what-now,0,11,0,9.73
2025-11-23,/pricing,0,1,0,62
2025-11-24,/,0,2,0,23
2025-11-24,/,0,13,0,34.23
2025-11-24,/blog/best-travel-apps-2025,0,8,0,23.63
2025-11-24,/blog/getting-started-with-tripcache,0,2,0,6
2025-11-24,/blog/how-to-automatically-track-flights-2025,0,13,0,6.46
2025-11-24,/blog/tripcase-alternative-2025,0,3,0,18
2025-11-24,/blog/tripcase-shutdown-what-now,0,1,0,10
2025-11-24,/pricing,0,1,0,2
2025-11-25,/,1,12,0.0833,31.17
2025-11-25,/about,0,2,0,5.5
2025-11-25,/blog/best-travel-apps-2025,0,14,0,17.57
2025-11-25,/blog/how-to-automatically-track-flights-2025,0,8,0,5.63
2025-11-25,/blog/privacy-and-security,0,3,0,3.33
2025-11-25,/blog/tripcase-shutdown-what-now,0,2,0,4.5
2025-11-25,/pricing,0,2,0,2
2025-11-26,/,0,3,0,34
2025-11-26,/blog/best-travel-apps-2025,0,12,0,14.58
2025-11-26,/blog/how-to-automatically-track-flights-2025,0,4,0,8
2025-11-26,/blog/privacy-and-security,0,3,0,3.33
2025-11-26,/pricing,0,2,0,1.5
2025-11-27,/,0,7,0,34.43
2025-11-27,/blog,0,1,0,93
2025-11-27,/blog/best-travel-apps-2025,0,16,0,14.88
2025-11-27,/blog/how-to-automatically-track-flights-2025,0,1,0,3
2025-11-27,/blog/tripcase-shutdown-what-now,0,1,0,10
2025-11-28,/,0,11,0,14.45
2025-11-28,/about,0,1,0,12
2025-11-28,/blog/best-travel-apps-2025,0,20,0,21.65
2025-11-28,/blog/tripcase-shutdown-what-now,0,6,0,8
2025-11-29,/,0,8,0,20.13
2025-11-29,/blog,0,1,0,20
2025-11-29,/blog/best-travel-apps-2025,0,20,0,13.55
2025-11-29,/blog/tripcase-shutdown-what-now,0,5,0,6.8
2025-11-30,/,0,8,0,19.38
2025-11-30,/blog,0,3,0,67.67
2025-11-30,/blog/best-travel-apps-2025,0,12,0,17
2025-11-30,/blog/tripcase-shutdown-what-now,0,10,0,9.2
2025-11-30,/pricing,0,1,0,3
2025-12-01,/,0,15,0,28.27
2025-12-01,/blog,0,4,0,92
2025-12-01,/blog/best-travel-apps-2025,0,20,0,16
2025-12-01,/blog/how-to-automatically-track-flights-2025,0,1,0,2
2025-12-01,/blog/travel-expense-tracking,0,1,0,4
2025-12-01,/blog/tripcase-shutdown-what-now,0,17,0,8.65
2025-12-01,/pricing,0,3,0,4.33
2025-12-02,/,0,9,0,32
2025-12-02,/about,0,1,0,3
2025-12-02,/blog,0,3,0,66
2025-12-02,/blog/best-travel-apps-2025,0,9,0,18.22
2025-12-02,/blog/how-to-automatically-track-flights-2025,0,2,0,8
2025-12-02,/blog/tripcase-shutdown-what-now,0,9,0,7.67
2025-12-02,/pricing,0,1,0,2
2025-12-03,/,0,4,0,30.5
2025-12-03,/blog,0,2,0,51.5
2025-12-03,/blog/best-travel-apps-2025,0,14,0,15.21
2025-12-03,/blog/tripcase-shutdown-what-now,0,13,0,10.08
2025-12-03,/pricing,0,1,0,12
2025-12-04,/,0,6,0,11.83
2025-12-04,/blog,0,1,0,94
2025-12-04,/blog/best-travel-apps-2025,0,12,0,12.42
2025-12-04,/blog/how-to-automatically-track-flights-2025,0,2,0,6
2025-12-04,/blog/tripcase-shutdown-what-now,0,8,0,8.13
2025-12-04,/pricing,0,3,0,4.33
2025-12-05,/,0,1,0,1
2025-12-05,/about,0,1,0,3
2025-12-05,/blog/best-travel-apps-2025,0,10,0,27.7
2025-12-05,/blog/getting-started-with-tripcache,0,1,0,4
2025-12-05,/blog/how-to-automatically-track-flights-2025,0,1,0,7
2025-12-05,/blog/tripcase-shutdown-what-now,0,2,0,9
2025-12-05,/pricing,0,1,0,9
2025-12-06,/,1,3,0.3333,33
2025-12-06,/about,0,1,0,2
2025-12-06,/blog/best-travel-apps-2025,0,21,0,14.05
2025-12-06,/blog/getting-started-with-tripcache,0,3,0,5
2025-12-06,/blog/how-to-automatically-track-flights-2025,0,1,0,11
2025-12-06,/blog/tripcase-shutdown-what-now,1,5,0.2,8.6
2025-12-06,/pricing,0,2,0,3.5
2025-12-07,/,0,8,0,32.5
2025-12-07,/about,0,2,0,7.5
2025-12-07,/blog,0,1,0,88
2025-12-07,/blog/best-travel-apps-2025,0,23,0,25.17
2025-12-07,/blog/getting-started-with-tripcache,0,3,0,4.67
2025-12-07,/blog/how-to-automatically-track-flights-2025,0,3,0,8.33
2025-12-07,/blog/tripcase-shutdown-what-now,0,3,0,8.67
2025-12-07,/pricing,0,1,0,9
2025-12-08,/,0,3,0,25.67
2025-12-08,/,0,2,0,8.5
2025-12-08,/blog,0,1,0,87
2025-12-08,/blog/best-travel-apps-2025,0,32,0,27.72
2025-12-08,/blog/getting-started-with-tripcache,0,1,0,3
2025-12-08,/blog/how-to-automatically-track-flights-2025,0,3,0,8
2025-12-08,/blog/travel-expense-tracking,0,2,0,2.5
2025-12-08,/blog/tripcase-shutdown-what-now,0,8,0,9.5
2025-12-08,/pricing,0,2,0,5
2025-12-09,/,1,1,1,1
2025-12-09,/,0,15,0,34.4
2025-12-09,/about,0,1,0,10
2025-12-09,/blog,0,2,0,92
2025-12-09,/blog/best-travel-apps-2025,0,18,0,21
2025-12-09,/blog/getting-started-with-tripcache,0,1,0,2
2025-12-09,/blog/how-to-automatically-track-flights-2025,0,5,0,6.4
2025-12-09,/blog/tripcase-shutdown-what-now,0,11,0,10
2025-12-09,/pricing,0,1,0,5
2025-12-10,/,0,12,0,35.58
2025-12-10,/about,0,1,0,3
2025-12-10,/blog,0,5,0,71.6
2025-12-10,/blog/best-travel-apps-2025,0,18,0,8.06
2025-12-10,/blog/getting-started-with-tripcache,0,4,0,5.25
2025-12-10,/blog/how-to-automatically-track-flights-2025,0,2,0,8
2025-12-10,/blog/travel-expense-tracking,0,3,0,11
2025-12-10,/blog/tripcase-shutdown-what-now,0,19,0,7.79
2025-12-10,/terms,0,1,0,7
2025-12-11,/,0,17,0,42.71
2025-12-11,/about,0,3,0,4
2025-12-11,/blog,0,4,0,87.25
2025-12-11,/blog/best-travel-apps-2025,0,20,0,13.7
2025-12-11,/blog/getting-started-with-tripcache,0,4,0,3.75
2025-12-11,/blog/how-to-automatically-track-flights-2025,0,1,0,5
2025-12-11,/blog/privacy-and-security,0,2,0,11
2025-12-11,/blog/travel-expense-tracking,0,3,0,8.33
2025-12-11,/blog/tripcase-shutdown-what-now,0,8,0,9.38
2025-12-11,/pricing,0,2,0,7
2025-12-12,/,0,9,0,44.78
2025-12-12,/blog/best-travel-apps-2025,0,11,0,13.18
2025-12-12,/blog/how-to-automatically-track-flights-2025,0,1,0,5
2025-12-12,/blog/tripcase-shutdown-what-now,0,5,0,11.4
2025-12-12,/pricing,0,3,0,6.67
2025-12-13,/,0,2,0,62
2025-12-13,/blog/best-travel-apps-2025,0,8,0,11.63
2025-12-13,/blog/getting-started-with-tripcache,0,2,0,10.5
2025-12-13,/blog/how-to-automatically-track-flights-2025,0,2,0,6
2025-12-13,/blog/tripcase-shutdown-what-now,0,12,0,5.92
2025-12-13,/pricing,0,1,0,2
2025-12-14,/,0,8,0,65.13
2025-12-14,/blog/best-travel-apps-2025,0,26,0,14.42
2025-12-14,/blog/how-to-automatically-track-flights-2025,0,2,0,7
2025-12-14,/blog/travel-expense-tracking,0,1,0,10
2025-12-14,/blog/tripcase-shutdown-what-now,0,4,0,9.75
2025-12-14,/pricing,0,1,0,2
2025-12-15,/,0,1,0,70
2025-12-15,/blog/best-travel-apps-2025,0,29,0,29.48
2025-12-15,/blog/getting-started-with-tripcache,0,1,0,10
2025-12-15,/blog/how-to-automatically-track-flights-2025,0,1,0,4
2025-12-15,/blog/tripcase-shutdown-what-now,0,6,0,3.33
2025-12-15,/pricing,0,2,0,7
2025-12-16,/,0,5,0,64.2
2025-12-16,/blog,0,3,0,99
2025-12-16,/blog/best-travel-apps-2025,0,21,0,17.14
2025-12-16,/blog/getting-started-with-tripcache,0,1,0,9
2025-12-16,/blog/tripcase-shutdown-what-now,0,4,0,7.25
2025-12-16,/pricing,0,1,0,2
2025-12-17,/,0,6,0,74.67
2025-12-17,/blog,0,1,0,49
2025-12-17,/blog/best-travel-apps-2025,0,10,0,23
2025-12-17,/blog/tripcase-shutdown-what-now,0,4,0,7.5
2025-12-18,/,0,4,0,54.5
2025-12-18,/blog,0,1,0,99
2025-12-18,/blog/best-travel-apps-2025,0,17,0,21.35
2025-12-18,/blog/getting-started-with-tripcache,0,2,0,9
2025-12-18,/blog/how-to-automatically-track-flights-2025,0,1,0,10
2025-12-18,/blog/tripcase-shutdown-what-now,0,18,0,7.44
2025-12-18,/pricing,0,2,0,2
2025-12-19,/,0,7,0,72.86
2025-12-19,/blog/best-travel-apps-2025,0,10,0,19.6
2025-12-19,/blog/tripcase-shutdown-what-now,0,6,0,8.33
2025-12-19,/pricing,0,1,0,6
2025-12-20,/,1,10,0.1,38.3
2025-12-20,/about,0,1,0,8
2025-12-20,/blog,0,1,0,81
2025-12-20,/blog/best-travel-apps-2025,0,10,0,40.1
2025-12-20,/blog/getting-started-with-tripcache,0,3,0,24.33
2025-12-20,/blog/how-to-automatically-track-flights-2025,0,1,0,12
2025-12-20,/blog/privacy-and-security,0,2,0,3
2025-12-20,/blog/tripcase-shutdown-what-now,0,12,0,9.08
2025-12-20,/pricing,0,1,0,2
2025-12-21,/,0,17,0,64.18
2025-12-21,/blog/best-travel-apps-2025,0,8,0,48.88
2025-12-21,/blog/getting-started-with-tripcache,0,1,0,2
2025-12-21,/blog/how-to-automatically-track-flights-2025,0,2,0,11
2025-12-21,/blog/tripcase-shutdown-what-now,0,3,0,7.67
2025-12-21,/pricing,0,1,0,2
2025-12-21,/terms,0,1,0,10
2025-12-22,/,0,10,0,46.1
2025-12-22,/blog,0,1,0,98
2025-12-22,/blog/best-travel-apps-2025,0,24,0,28.71
2025-12-22,/blog/getting-started-with-tripcache,0,1,0,5
2025-12-22,/blog/how-to-automatically-track-flights-2025,0,3,0,4.33
2025-12-22,/blog/tripcase-shutdown-what-now,0,7,0,8.57
2025-12-22,/pricing,0,2,0,5
2025-12-23,/,0,3,0,59.67
2025-12-23,/blog,0,2,0,89
2025-12-23,/blog/best-travel-apps-2025,0,5,0,23.8
2025-12-23,/blog/how-to-automatically-track-flights-2025,0,1,0,10
2025-12-23,/blog/tripcase-shutdown-what-now,0,4,0,7
2025-12-23,/pricing,0,1,0,2
2025-12-24,/,0,7,0,59.86
2025-12-24,/blog/best-travel-apps-2025,0,5,0,49.2
2025-12-24,/blog/getting-started-with-tripcache,0,2,0,6
2025-12-24,/blog/how-to-automatically-track-flights-2025,0,4,0,8.25
2025-12-24,/blog/tripcase-shutdown-what-now,0,10,0,8
2025-12-24,/pricing,0,1,0,2
2025-12-25,/,0,5,0,45.8
2025-12-25,/blog,0,1,0,65
2025-12-25,/blog/best-travel-apps-2025,0,2,0,21.5
2025-12-25,/blog/getting-started-with-tripcache,0,1,0,12
2025-12-25,/blog/travel-expense-tracking,0,3,0,9.33
2025-12-25,/blog/tripcase-shutdown-what-now,0,3,0,21
2025-12-25,/pricing,0,1,0,2
2025-12-26,/,0,2,0,69
2025-12-26,/blog/best-travel-apps-2025,0,2,0,8.5
2025-12-26,/blog/how-to-automatically-track-flights-2025,0,1,0,11
2025-12-26,/blog/tripcase-shutdown-what-now,0,3,0,8.67
2025-12-26,/pricing,0,1,0,1
2025-12-27,/,1,5,0.2,47.6
2025-12-27,/blog/best-travel-apps-2025,0,2,0,31.5
2025-12-27,/blog/how-to-automatically-track-flights-2025,0,2,0,4
2025-12-27,/pricing,0,1,0,2
2025-12-28,/,1,2,0.5,32
2025-12-28,/blog/best-travel-apps-2025,0,9,0,32
2025-12-28,/blog/getting-started-with-tripcache,0,2,0,13
2025-12-28,/blog/tripcase-shutdown-what-now,0,9,0,9.56
2025-12-28,/pricing,0,1,0,1
2025-12-29,/,0,4,0,84.75
2025-12-29,/blog/best-travel-apps-2025,0,16,0,42.38
2025-12-29,/blog/getting-started-with-tripcache,0,2,0,26
2025-12-29,/blog/how-to-automatically-track-flights-2025,0,9,0,7.78
2025-12-29,/blog/tripcase-shutdown-what-now,0,17,0,8.59
2025-12-29,/pricing,0,1,0,2
2025-12-30,/,2,10,0.2,34.4
2025-12-30,/about,0,2,0,4
2025-12-30,/blog,0,1,0,5
2025-12-30,/blog/best-travel-apps-2025,0,5,0,17.4
2025-12-30,/blog/getting-started-with-tripcache,0,3,0,4
2025-12-30,/blog/how-to-automatically-track-flights-2025,0,4,0,9
2025-12-30,/blog/tripcase-shutdown-what-now,0,6,0,6.67
2025-12-30,/pricing,0,3,0,5
2025-12-30,/terms,0,1,0,9
2025-12-31,/,0,6,0,36.5
2025-12-31,/blog,0,2,0,79
2025-12-31,/blog/best-travel-apps-2025,0,2,0,30
2025-12-31,/blog/getting-started-with-tripcache,0,6,0,2.17
2025-12-31,/blog/how-to-automatically-track-flights-2025,0,10,0,5
2025-12-31,/blog/tripcase-shutdown-what-now,0,11,0,6.36
2025-12-31,/pricing,0,1,0,2
2026-01-01,/,0,11,0,58.18
2026-01-01,/blog,0,1,0,61
2026-01-01,/blog/best-travel-apps-2025,0,8,0,23.75
2026-01-01,/blog/getting-started-with-tripcache,0,1,0,5
2026-01-01,/blog/how-to-automatically-track-flights-2025,0,3,0,10.33
2026-01-01,/blog/tripcase-shutdown-what-now,0,7,0,8.86
2026-01-01,/pricing,0,2,0,2
2026-01-02,/,1,7,0.1429,41.57
2026-01-02,/about,0,2,0,6.5
2026-01-02,/blog,0,2,0,7.5
2026-01-02,/blog/best-travel-apps-2025,0,3,0,33
2026-01-02,/blog/how-to-automatically-track-flights-2025,0,8,0,6.25
2026-01-02,/blog/travel-expense-tracking,0,1,0,8
2026-01-02,/pricing,0,5,0,8
2026-01-03,/,0,4,0,17
2026-01-03,/about,0,3,0,5.33
2026-01-03,/blog,0,1,0,11
2026-01-03,/blog/best-travel-apps-2025,0,12,0,7.92
2026-01-03,/blog/getting-started-with-tripcache,0,2,0,6.5
2026-01-03,/blog/how-to-automatically-track-flights-2025,0,9,0,5.89
2026-01-03,/blog/tripcase-shutdown-what-now,2,17,0.1176,8.29
2026-01-03,/pricing,0,4,0,7.5
2026-01-04,/,2,6,0.3333,37.5
2026-01-04,/about,0,1,0,3
2026-01-04,/blog/getting-started-with-tripcache,0,10,0,6.7
2026-01-04,/blog/how-to-automatically-track-flights-2025,0,13,0,9.31
2026-01-04,/blog/tripcase-shutdown-what-now,0,2,0,11
2026-01-04,/pricing,0,2,0,1.5
2026-01-05,/,0,5,0,43.2
2026-01-05,/about,0,1,0,5
2026-01-05,/blog,0,2,0,31
2026-01-05,/blog/best-travel-apps-2025,0,9,0,16.33
2026-01-05,/blog/getting-started-with-tripcache,0,2,0,9.5
2026-01-05,/blog/how-to-automatically-track-flights-2025,0,2,0,4
2026-01-05,/blog/tripcase-shutdown-what-now,0,3,0,10
2026-01-05,/pricing,0,2,0,2
2026-01-06,/,1,5,0.2,50
2026-01-06,/blog/best-travel-apps-2025,0,6,0,7.17
2026-01-06,/blog/how-to-automatically-track-flights-2025,0,3,0,9.33
2026-01-06,/blog/tripcase-shutdown-what-now,0,3,0,10.67
2026-01-07,/,0,7,0,39.86
2026-01-07,/about,0,1,0,3
2026-01-07,/blog,0,3,0,52.33
2026-01-07,/blog/best-travel-apps-2025,0,3,0,36
2026-01-07,/blog/getting-started-with-tripcache,0,2,0,11
2026-01-07,/blog/how-to-automatically-track-flights-2025,0,1,0,10
2026-01-07,/blog/tripcase-shutdown-what-now,0,2,0,9.5
2026-01-07,/pricing,0,2,0,2
2026-01-08,/,0,8,0,67
2026-01-08,/blog/best-travel-apps-2025,0,3,0,20.33
2026-01-08,/blog/getting-started-with-tripcache,0,1,0,15
2026-01-08,/blog/how-to-automatically-track-flights-2025,0,5,0,6.2
2026-01-08,/blog/tripcase-alternative-2025,0,2,0,11.5
2026-01-08,/blog/tripcase-shutdown-what-now,0,1,0,5
2026-01-08,/pricing,0,1,0,2
2026-01-09,/,0,6,0,71.33
2026-01-09,/blog/best-travel-apps-2025,0,5,0,34
2026-01-09,/blog/how-to-automatically-track-flights-2025,0,1,0,10
2026-01-09,/blog/tripcase-alternative-2025,0,1,0,11
2026-01-09,/blog/tripcase-shutdown-what-now,0,1,0,7
2026-01-09,/pricing,0,1,0,2
2026-01-10,/,0,13,0,40.77
2026-01-10,/blog/best-travel-apps-2025,0,11,0,42.55
2026-01-10,/blog/getting-started-with-tripcache,0,1,0,5
2026-01-10,/blog/privacy-and-security,0,1,0,6
2026-01-10,/pricing,0,3,0,4.33
2026-01-11,/,0,1,0,6
2026-01-11,/,0,1,0,6
2026-01-11,/,0,10,0,48.4
2026-01-11,/about,0,1,0,7
2026-01-11,/blog,0,1,0,6
2026-01-11,/blog/best-travel-apps-2025,0,7,0,48.71
2026-01-11,/blog/digital-nomad-organization,0,1,0,1
2026-01-11,/blog/how-to-automatically-track-flights-2025,0,1,0,3
2026-01-11,/blog/travel-expense-tracking,0,1,0,1
2026-01-11,/blog/tripcase-alternative-2025,0,2,0,6
2026-01-11,/blog/tripcase-shutdown-what-now,0,3,0,6
2026-01-11,/pricing,0,3,0,3.33
2026-01-12,/,0,13,0,55.46
2026-01-12,/blog/best-travel-apps-2025,0,12,0,46.08
2026-01-12,/blog/getting-started-with-tripcache,0,3,0,19.33
2026-01-12,/blog/how-to-automatically-track-flights-2025,0,2,0,8
2026-01-12,/blog/tripcase-alternative-2025,0,1,0,8
2026-01-12,/blog/tripcase-shutdown-what-now,0,3,0,17.67
2026-01-12,/pricing,0,3,0,3.33
2026-01-13,/,0,9,0,40.67
2026-01-13,/blog,0,1,0,55
2026-01-13,/blog/best-travel-apps-2025,0,14,0,21.43
2026-01-13,/blog/getting-started-with-tripcache,0,4,0,8.75
2026-01-13,/blog/tripcase-alternative-2025,0,3,0,7
2026-01-13,/blog/tripcase-shutdown-what-now,0,2,0,25.5
2026-01-13,/pricing,0,1,0,2
2026-01-14,/,0,13,0,49.85
2026-01-14,/about,0,3,0,2.67
2026-01-14,/blog,0,3,0,4
2026-01-14,/blog/best-travel-apps-2025,0,7,0,33.86
2026-01-14,/blog/tripcase-alternative-2025,0,2,0,10
2026-01-14,/blog/tripcase-shutdown-what-now,0,3,0,11.33
2026-01-14,/pricing,0,1,0,2
2026-01-14,/terms,0,1,0,4
2026-01-15,/,0,2,0,1
2026-01-15,/,0,2,0,1
2026-01-15,/,0,5,0,1.8
2026-01-15,/about,0,3,0,8.67
2026-01-15,/blog,0,2,0,1
2026-01-15,/blog/best-travel-apps-2025,0,5,0,25.2
2026-01-15,/blog/how-to-automatically-track-flights-2025,0,1,0,8
2026-01-15,/blog/tripcase-shutdown-what-now,0,2,0,9
2026-01-15,/pricing,0,3,0,2
2026-01-16,/,1,8,0.125,63.88
2026-01-16,/about,0,1,0,1
2026-01-16,/blog/best-travel-apps-2025,0,3,0,9.67
2026-01-16,/blog/getting-started-with-tripcache,0,2,0,43
2026-01-16,/blog/tripcase-alternative-2025,0,5,0,7.6
2026-01-16,/blog/tripcase-shutdown-what-now,0,2,0,15
2026-01-16,/pricing,0,3,0,1.33
2026-01-17,/,1,17,0.0588,62.47
2026-01-17,/blog,0,2,0,59
2026-01-17,/blog/best-travel-apps-2025,0,6,0,33.5
2026-01-17,/blog/tripcase-alternative-2025,0,2,0,21
2026-01-17,/blog/tripcase-shutdown-what-now,0,2,0,17
2026-01-17,/pricing,0,2,0,47
2026-01-18,/,1,8,0.125,51.75
2026-01-18,/about,0,1,0,1
2026-01-18,/blog,0,2,0,50
2026-01-18,/blog/best-travel-apps-2025,0,3,0,45.67
2026-01-18,/blog/getting-started-with-tripcache,0,4,0,23.25
2026-01-18,/blog/privacy-and-security,0,1,0,1
2026-01-18,/blog/tripcase-alternative-2025,0,1,0,42
2026-01-18,/blog/tripcase-shutdown-what-now,0,6,0,10.5
2026-01-18,/pricing,0,1,0,1
2026-01-19,/,2,8,0.25,26.25
2026-01-19,/about,0,2,0,1
2026-01-19,/blog/best-travel-apps-2025,0,13,0,43.85
2026-01-19,/blog/privacy-and-security,0,2,0,9
2026-01-19,/blog/tripcase-alternative-2025,0,3,0,27.67
2026-01-19,/blog/tripcase-shutdown-what-now,0,3,0,10
2026-01-19,/pricing,0,5,0,2.8
2026-01-20,/,0,1,0,99
2026-01-20,/blog/best-travel-apps-2025,0,2,0,28
2026-01-20,/blog/getting-started-with-tripcache,0,1,0,17
2026-01-20,/blog/travel-expense-tracking,0,1,0,32
2026-01-20,/blog/tripcase-shutdown-what-now,0,1,0,7
2026-01-21,/,0,9,0,38.22
2026-01-21,/blog/best-travel-apps-2025,0,12,0,18
2026-01-21,/blog/tripcase-shutdown-what-now,0,5,0,11
2026-01-22,/,2,9,0.2222,17.11
2026-01-22,/about,0,1,0,3
2026-01-22,/blog/best-travel-apps-2025,0,6,0,35.83
2026-01-22,/blog/getting-started-with-tripcache,0,1,0,11
2026-01-22,/blog/tripcase-alternative-2025,0,2,0,22.5
2026-01-22,/blog/tripcase-shutdown-what-now,0,7,0,15
2026-01-22,/pricing,0,2,0,7.5
2026-01-23,/,0,6,0,26.33
2026-01-23,/blog,0,3,0,68
2026-01-23,/blog/best-travel-apps-2025,0,10,0,32.1
2026-01-23,/blog/tripcase-alternative-2025,0,1,0,12
2026-01-23,/blog/tripcase-shutdown-what-now,0,2,0,6
2026-01-23,/pricing,0,1,0,66
2026-01-23,/terms,0,1,0,6
2026-01-24,/,0,3,0,38.67
2026-01-24,/blog/best-travel-apps-2025,0,3,0,36.67
2026-01-25,/,0,2,0,18.5
2026-01-25,/blog/best-travel-apps-2025,0,15,0,27.27
2026-01-25,/blog/privacy-and-security,0,2,0,7.5
2026-01-25,/blog/tripcase-shutdown-what-now,0,1,0,12
2026-01-25,/pricing,0,1,0,4
2026-01-26,/,1,4,0.25,37.75
2026-01-26,/,0,1,0,1
2026-01-26,/,0,1,0,1
2026-01-26,/about,0,1,0,6
2026-01-26,/blog,0,1,0,1
2026-01-26,/blog/best-travel-apps-2025,0,15,0,38.47
2026-01-26,/blog/tripcase-shutdown-what-now,0,1,0,10
2026-01-26,/pricing,0,1,0,1
2026-01-27,/,1,4,0.25,52
2026-01-27,/about,0,1,0,1
2026-01-27,/blog/best-travel-apps-2025,0,5,0,22.2
2026-01-27,/blog/getting-started-with-tripcache,0,1,0,8
2026-01-27,/blog/travel-expense-tracking,0,1,0,10
2026-01-27,/blog/tripcase-alternative-2025,0,2,0,26
2026-01-27,/blog/tripcase-shutdown-what-now,0,3,0,11
2026-01-27,/pricing,0,1,0,1
2026-01-28,/,0,4,0,34
2026-01-28,/about,0,1,0,1
2026-01-28,/blog/best-travel-apps-2025,0,9,0,27.67
2026-01-28,/blog/getting-started-with-tripcache,0,1,0,25
2026-01-28,/blog/tripcase-alternative-2025,0,4,0,16.5
2026-01-28,/blog/tripcase-shutdown-what-now,0,3,0,10.33
2026-01-28,/pricing,0,1,0,1
2026-01-29,/,1,8,0.125,28.75
2026-01-29,/about,0,2,0,1
2026-01-29,/blog,0,1,0,86
2026-01-29,/blog/best-travel-apps-2025,0,13,0,49.85
2026-01-29,/pricing,0,3,0,2
2026-01-30,/,0,6,0,65.83
2026-01-30,/blog,0,1,0,93
2026-01-30,/blog/best-travel-apps-2025,0,10,0,23.3
2026-01-30,/blog/travel-expense-tracking,0,1,0,10
2026-01-30,/blog/tripcase-alternative-2025,0,1,0,23
2026-01-30,/blog/tripcase-shutdown-what-now,0,2,0,30.5
2026-01-30,/pricing,0,2,0,4
2026-01-31,/,2,7,0.2857,20.71
2026-01-31,/about,0,2,0,2
2026-01-31,/blog,0,2,0,50
2026-01-31,/blog/best-travel-apps-2025,0,9,0,10.56
2026-01-31,/blog/getting-started-with-tripcache,0,2,0,25
2026-01-31,/blog/tripcase-alternative-2025,0,3,0,47.67
2026-01-31,/blog/tripcase-shutdown-what-now,0,1,0,7
2026-01-31,/pricing,0,2,0,3.5
2026-02-01,/,2,10,0.2,59.4
2026-02-01,/about,0,2,0,1
2026-02-01,/blog,0,1,0,53
2026-02-01,/blog/best-travel-apps-2025,0,6,0,45.67
2026-02-01,/blog/frequent-flyer-tips,0,2,0,4
2026-02-01,/blog/travel-expense-tracking,0,1,0,22
2026-02-01,/blog/tripcase-alternative-2025,0,3,0,30.67
2026-02-01,/blog/tripcase-shutdown-what-now,0,2,0,9.5
2026-02-01,/pricing,0,5,0,2.2
2026-02-02,/,0,7,0,25
2026-02-02,/blog,0,2,0,85.5
2026-02-02,/blog/best-travel-apps-2025,0,14,0,38
2026-02-02,/blog/tripcase-alternative-2025,0,2,0,9
2026-02-02,/blog/tripcase-shutdown-what-now,0,2,0,11
2026-02-03,/,0,5,0,41.8
2026-02-03,/blog,0,1,0,75
2026-02-03,/blog/best-travel-apps-2025,0,10,0,19.3
2026-02-03,/blog/getting-started-with-tripcache,0,1,0,5
2026-02-03,/blog/tripcase-alternative-2025,0,1,0,2
2026-02-03,/blog/tripcase-shutdown-what-now,0,1,0,12
2026-02-03,/pricing,0,2,0,2
2026-02-04,/,0,9,0,34.78
2026-02-04,/about,0,1,0,1
2026-02-04,/blog/best-travel-apps-2025,0,7,0,27.43
2026-02-04,/blog/tripcase-shutdown-what-now,0,1,0,10
2026-02-04,/pricing,0,2,0,1.5
2026-02-05,/,0,6,0,27.17
2026-02-05,/about,0,1,0,1
2026-02-05,/blog/best-travel-apps-2025,0,3,0,39.67
2026-02-05,/blog/tripcase-alternative-2025,0,2,0,10
2026-02-05,/blog/tripcase-shutdown-what-now,0,2,0,6.5
2026-02-05,/pricing,0,7,0,4.29
2026-02-06,/,0,2,0,68
2026-02-06,/blog/best-travel-apps-2025,0,3,0,9
2026-02-06,/blog/tripcase-alternative-2025,0,2,0,11.5
2026-02-06,/blog/tripcase-shutdown-what-now,0,6,0,7.17
2026-02-06,/pricing,0,1,0,4
2026-02-07,/,1,3,0.3333,57.33
2026-02-07,/about,0,1,0,1
2026-02-07,/blog,0,1,0,62
2026-02-07,/blog/best-travel-apps-2025,0,5,0,20.8
2026-02-07,/blog/tripcase-alternative-2025,0,6,0,8
2026-02-07,/blog/tripcase-shutdown-what-now,0,1,0,7
2026-02-07,/pricing,0,1,0,1
2026-02-08,/,1,4,0.25,37
2026-02-08,/blog,0,1,0,48
2026-02-08,/blog/best-travel-apps-2025,0,3,0,17.33
2026-02-08,/pricing,0,2,0,4.5
2026-02-09,/,0,2,0,35.5
2026-02-09,/blog,0,1,0,26
2026-02-09,/blog/best-travel-apps-2025,0,15,0,42.73
2026-02-09,/pricing,0,2,0,2.5
2026-02-10,/,0,1,0,87
2026-02-10,/blog,0,1,0,35
2026-02-10,/blog/best-travel-apps-2025,0,2,0,28.5
2026-02-10,/blog/tripcase-alternative-2025,0,1,0,9
2026-02-10,/blog/tripcase-shutdown-what-now,0,4,0,11
2026-02-10,/pricing,0,1,0,5
2026-02-11,/,0,8,0,27.13
2026-02-11,/about,0,5,0,3.8
2026-02-11,/blog,0,1,0,7
2026-02-11,/blog/best-travel-apps-2025,0,4,0,9.5
2026-02-11,/blog/getting-started-with-tripcache,0,1,0,33
2026-02-11,/pricing,0,6,0,6.33
2026-02-12,/,3,8,0.375,34.38
2026-02-12,/about,0,1,0,1
2026-02-12,/blog,0,1,0,12
2026-02-12,/blog/best-travel-apps-2025,0,7,0,12.71
2026-02-12,/blog/getting-started-with-tripcache,0,1,0,38
2026-02-12,/blog/travel-expense-tracking,0,1,0,5
2026-02-12,/blog/tripcase-shutdown-what-now,0,4,0,11
2026-02-12,/pricing,0,5,0,12
2026-02-13,/,0,3,0,1.67
2026-02-13,/about,0,2,0,4.5
2026-02-13,/blog,0,1,0,5
2026-02-13,/blog/best-travel-apps-2025,0,3,0,8.33
2026-02-13,/pricing,0,3,0,5.67
2026-02-14,/,0,13,0,6.15
2026-02-14,/about,0,5,0,2
2026-02-14,/blog,0,3,0,2.33
2026-02-14,/blog/best-travel-apps-2025,0,13,0,10.92
2026-02-14,/blog/getting-started-with-tripcache,0,4,0,1.25
2026-02-14,/blog/tripcase-shutdown-what-now,0,4,0,6.75
2026-02-14,/pricing,0,8,0,2
2026-02-15,/,0,6,0,41.83
2026-02-15,/blog/best-travel-apps-2025,1,8,0.125,13.88
2026-02-15,/blog/tripcase-shutdown-what-now,0,2,0,16.5
2026-02-15,/pricing,0,1,0,4
2026-02-16,/,0,9,0,30.67
2026-02-16,/blog/best-travel-apps-2025,0,12,0,30.17
2026-02-16,/blog/getting-started-with-tripcache,0,2,0,28
2026-02-16,/pricing,0,2,0,3
2026-02-17,/,0,12,0,49.08
2026-02-17,/about,0,1,0,3
2026-02-17,/blog,0,3,0,91.33
2026-02-17,/blog/best-travel-apps-2025,0,11,0,26
2026-02-17,/blog/digital-nomad-organization,0,1,0,1
2026-02-17,/pricing,0,2,0,5
2026-02-18,/,0,5,0,55.2
2026-02-18,/about,0,1,0,4
2026-02-18,/blog,0,1,0,5
2026-02-18,/blog/best-travel-apps-2025,0,7,0,10.29
2026-02-18,/pricing,1,3,0.3333,4
2026-02-19,/,0,6,0,21
2026-02-19,/blog,0,3,0,66.33
2026-02-19,/blog/best-travel-apps-2025,0,10,0,17.5
2026-02-19,/blog/getting-started-with-tripcache,0,1,0,5
2026-02-19,/pricing,0,2,0,37
2026-02-20,/,2,8,0.25,39.5
2026-02-20,/about,0,2,0,3
2026-02-20,/blog,0,3,0,27.67
2026-02-20,/blog/best-travel-apps-2025,0,13,0,10.92
2026-02-20,/pricing,0,3,0,3
2026-02-20,/terms,0,1,0,1
2026-02-21,/,0,13,0,46.08
2026-02-21,/about,0,1,0,5
2026-02-21,/blog,0,6,0,51.83
2026-02-21,/blog/best-travel-apps-2025,0,13,0,8
2026-02-21,/blog/getting-started-with-tripcache,0,1,0,7
2026-02-21,/pricing,0,4,0,5.5
2026-02-22,/,0,10,0,43.2
2026-02-22,/blog,0,4,0,55.75
2026-02-22,/blog/best-travel-apps-2025,0,12,0,14.08
2026-02-22,/pricing,0,3,0,23
2026-02-23,/,0,6,0,46.5
2026-02-23,/blog,0,3,0,55.33
2026-02-23,/blog/best-travel-apps-2025,0,15,0,26.93
2026-02-23,/pricing,0,2,0,1.5
2026-02-24,/,0,10,0,41.2
2026-02-24,/blog,0,5,0,48.6
2026-02-24,/blog/best-travel-apps-2025,0,10,0,19.6
2026-02-24,/pricing,0,2,0,2.5
2026-02-25,/,1,5,0.2,5.8
2026-02-25,/about,0,2,0,1
2026-02-25,/blog,0,2,0,1
2026-02-25,/blog/best-travel-apps-2025,0,17,0,9.41
2026-02-25,/pricing,0,5,0,6.8
2026-02-25,/terms,0,2,0,1
2026-02-26,/,1,9,0.1111,17.44
2026-02-26,/about,0,2,0,8.5
2026-02-26,/blog,0,3,0,34.67
2026-02-26,/blog/best-travel-apps-2025,0,16,0,13.19
2026-02-26,/blog/getting-started-with-tripcache,0,1,0,7
2026-02-26,/blog/privacy-and-security,0,1,0,20
2026-02-26,/pricing,0,4,0,18.75
2026-02-26,/terms,0,1,0,1
2026-02-27,/,0,5,0,24.6
2026-02-27,/blog,0,1,0,52
2026-02-27,/blog/best-travel-apps-2025,0,17,0,9
2026-02-27,/pricing,0,1,0,4
2026-02-28,/,0,6,0,23
2026-02-28,/about,0,3,0,5.33
2026-02-28,/blog,0,3,0,32.67
2026-02-28,/blog/best-travel-apps-2025,0,12,0,7
2026-02-28,/pricing,0,3,0,2.33
2026-03-01,/,0,2,0,8.5
2026-03-01,/blog,0,1,0,95
2026-03-01,/blog/best-travel-apps-2025,0,29,0,7.59
2026-03-01,/blog/privacy-and-security,0,1,0,4
2026-03-01,/pricing,0,2,0,2.5
2026-03-02,/,0,6,0,31.5
2026-03-02,/blog,0,9,0,11
2026-03-02,/blog/best-travel-apps-2025,0,18,0,36.89
2026-03-02,/pricing,0,1,0,4
2026-03-03,/,1,7,0.1429,11
2026-03-03,/about,0,1,0,1
2026-03-03,/blog,1,3,0.3333,35
2026-03-03,/blog/best-travel-apps-2025,0,22,0,11
2026-03-03,/pricing,0,3,0,4
2026-03-03,/terms,0,1,0,1
2026-03-04,/,0,9,0,35.78
2026-03-04,/blog,0,4,0,61.75
2026-03-04,/blog/best-travel-apps-2025,0,22,0,10.23
2026-03-04,/pricing,0,2,0,50
2026-03-05,/,0,11,0,52.91
2026-03-05,/blog,0,7,0,53.57
2026-03-05,/blog/best-travel-apps-2025,0,13,0,14.85
2026-03-05,/pricing,0,6,0,47.5
2026-03-06,/,0,9,0,37.33
2026-03-06,/blog,0,3,0,50.33
2026-03-06,/blog/best-travel-apps-2025,0,29,0,15.24
2026-03-06,/pricing,0,1,0,2
2026-03-07,/,0,16,0,32.56
2026-03-07,/blog,0,4,0,53.25
2026-03-07,/blog/best-travel-apps-2025,0,21,0,10.57
2026-03-07,/pricing,0,1,0,2
2026-03-08,/,0,9,0,38.78
2026-03-08,/about,0,1,0,81
2026-03-08,/blog,0,3,0,65.33
2026-03-08,/blog/best-travel-apps-2025,0,29,0,17
2026-03-08,/pricing,0,3,0,23.67
2026-03-09,/,0,3,0,37
2026-03-09,/blog,0,3,0,47.67
2026-03-09,/blog/best-travel-apps-2025,0,25,0,23.96
2026-03-09,/blog/tripcase-alternative-2025,0,1,0,9
2026-03-09,/pricing,0,2,0,40.5
2026-03-10,/,0,9,0,44.44
2026-03-10,/about,0,1,0,82
2026-03-10,/blog,0,7,0,57.71
2026-03-10,/blog/best-travel-apps-2025,0,19,0,9.79
2026-03-10,/blog/tripcase-alternative-2025,0,2,0,9
2026-03-10,/pricing,0,3,0,58.67
2026-03-11,/,0,12,0,32.5
2026-03-11,/blog,0,12,0,62.42
2026-03-11,/blog/best-travel-apps-2025,0,25,0,23.12
2026-03-11,/blog/tripcase-alternative-2025,0,2,0,7.5
2026-03-11,/pricing,0,1,0,12
2026-03-12,/,1,13,0.0769,40.77
2026-03-12,/about,0,1,0,1
2026-03-12,/blog,0,3,0,29.67
2026-03-12,/blog/best-travel-apps-2025,0,17,0,10.35
2026-03-12,/pricing,0,2,0,3
2026-03-12,/terms,0,1,0,1
2026-03-13,/,1,8,0.125,18.5
2026-03-13,/,0,1,0,1
2026-03-13,/,0,1,0,1
2026-03-13,/about,0,1,0,1
2026-03-13,/blog,0,5,0,25.6
2026-03-13,/blog/best-travel-apps-2025,0,21,0,15.05
2026-03-13,/blog/tripcase-alternative-2025,0,4,0,9.5
2026-03-13,/pricing,0,3,0,4.67
2026-03-14,/,1,9,0.1111,37.22
2026-03-14,/about,0,2,0,1.5
2026-03-14,/blog,0,4,0,48
2026-03-14,/blog/best-travel-apps-2025,0,21,0,7.52
2026-03-14,/blog/tripcase-alternative-2025,0,1,0,8
2026-03-14,/pricing,0,4,0,5.25
2026-03-15,/,0,6,0,53.83
2026-03-15,/about,0,1,0,73
2026-03-15,/blog,0,1,0,74
2026-03-15,/blog/best-travel-apps-2025,0,19,0,11.79
2026-03-15,/blog/tripcase-alternative-2025,0,1,0,11
2026-03-15,/pricing,0,1,0,4
2026-03-16,/,0,10,0,39.1
2026-03-16,/about,0,1,0,5
2026-03-16,/blog,0,5,0,21.4
2026-03-16,/blog/best-travel-apps-2025,0,20,0,29.4
2026-03-16,/blog/tripcase-alternative-2025,0,5,0,10.2
2026-03-16,/pricing,0,3,0,6.33
2026-03-17,/,0,11,0,41.64
2026-03-17,/about,0,1,0,1
2026-03-17,/blog,0,7,0,54.86
2026-03-17,/blog/best-travel-apps-2025,0,20,0,13.95
2026-03-17,/blog/travel-expense-tracking,0,1,0,6
2026-03-17,/blog/tripcase-alternative-2025,0,4,0,9
2026-03-17,/pricing,0,9,0,13.11
2026-03-18,/,1,15,0.0667,7.53
2026-03-18,/about,0,5,0,4.4
2026-03-18,/blog,0,8,0,22.13
2026-03-18,/blog/best-travel-apps-2025,0,18,0,10.83
2026-03-18,/blog/travel-expense-tracking,0,1,0,9
2026-03-18,/blog/tripcase-alternative-2025,0,2,0,7.5
2026-03-18,/blog/tripcase-shutdown-what-now,0,1,0,8
2026-03-18,/pricing,0,18,0,5.83
2026-03-18,/terms,0,2,0,8
2026-03-19,/,0,5,0,28.6
2026-03-19,/blog,0,2,0,32.5
2026-03-19,/blog/best-travel-apps-2025,0,14,0,14.21
2026-03-19,/blog/tripcase-alternative-2025,0,4,0,13.25
2026-03-19,/pricing,0,1,0,13
2026-03-20,/,0,9,0,17.44
2026-03-20,/about,0,7,0,10.14
2026-03-20,/blog,0,5,0,27.6
2026-03-20,/blog/best-travel-apps-2025,0,12,0,16.42
2026-03-20,/blog/travel-expense-tracking,0,1,0,4
2026-03-20,/blog/tripcase-alternative-2025,0,5,0,6.2
2026-03-20,/pricing,0,5,0,1.4
2026-03-20,/terms,0,2,0,1
2026-03-21,/,0,2,0,1
2026-03-21,/,0,2,0,1
2026-03-21,/,0,13,0,18.69
2026-03-21,/about,0,1,0,6
2026-03-21,/blog,0,9,0,36.11
2026-03-21,/blog/best-travel-apps-2025,0,21,0,18.95
2026-03-21,/blog/travel-expense-tracking,0,2,0,5
2026-03-21,/blog/tripcase-alternative-2025,0,10,0,8.1
2026-03-21,/pricing,0,5,0,3
2026-03-21,/terms,0,1,0,9
2026-03-22,/,0,1,0,12
2026-03-22,/,0,1,0,12
2026-03-22,/,0,8,0,11.5
2026-03-22,/about,0,1,0,1
2026-03-22,/blog,0,3,0,19.67
2026-03-22,/blog/best-travel-apps-2025,0,17,0,12.47
2026-03-22,/blog/tripcase-alternative-2025,0,3,0,7
2026-03-22,/pricing,0,4,0,17
2026-03-23,/,2,19,0.1053,13.79
2026-03-23,/about,0,7,0,11.29
2026-03-23,/blog,0,7,0,26.29
2026-03-23,/blog/best-travel-apps-2025,0,33,0,10.48
2026-03-23,/blog/tripcase-alternative-2025,0,8,0,8.13
2026-03-23,/blog/tripcase-shutdown-what-now,0,2,0,5.5
2026-03-23,/pricing,0,5,0,2.6
2026-03-23,/terms,0,4,0,5.75
2026-03-24,/,2,13,0.1538,23.38
2026-03-24,/,0,1,0,1
2026-03-24,/,0,1,0,1
2026-03-24,/about,0,1,0,5
2026-03-24,/blog,0,4,0,56.25
2026-03-24,/blog/best-travel-apps-2025,0,12,0,8.67
2026-03-24,/blog/getting-started-with-tripcache,0,1,0,11
2026-03-24,/blog/travel-expense-tracking,0,1,0,2
2026-03-24,/blog/tripcase-alternative-2025,0,3,0,28
2026-03-24,/blog/tripcase-shutdown-what-now,0,4,0,3.75
2026-03-24,/pricing,0,5,0,5.6
2026-03-25,/,1,22,0.0455,19
2026-03-25,/about,0,1,0,3
2026-03-25,/blog,0,3,0,23.33
2026-03-25,/blog/best-travel-apps-2025,0,18,0,11.44
2026-03-25,/blog/getting-started-with-tripcache,0,1,0,29
2026-03-25,/blog/tripcase-alternative-2025,0,5,0,26.4
2026-03-25,/blog/tripcase-shutdown-what-now,0,4,0,15.75
2026-03-25,/pricing,0,4,0,17.5
2026-03-25,/terms,0,1,0,6
2026-03-26,/,0,4,0,13.5
2026-03-26,/blog,0,1,0,69
2026-03-26,/blog/best-travel-apps-2025,0,23,0,13.96
2026-03-26,/blog/tripcase-alternative-2025,0,1,0,8
2026-03-26,/blog/tripcase-shutdown-what-now,0,3,0,5.33
2026-03-26,/pricing,0,1,0,12
2026-03-27,/,1,6,0.1667,14
2026-03-27,/about,0,2,0,2.5
2026-03-27,/blog,0,1,0,1
2026-03-27,/blog/best-travel-apps-2025,0,16,0,18.63
2026-03-27,/blog/tripcase-alternative-2025,0,9,0,5.56
2026-03-27,/blog/tripcase-shutdown-what-now,0,2,0,3
2026-03-27,/pricing,0,3,0,3.67
2026-03-27,/terms,0,1,0,1
2026-03-28,/,0,9,0,35.11
2026-03-28,/blog,0,4,0,62.5
2026-03-28,/blog/best-travel-apps-2025,0,21,0,14.29
2026-03-28,/blog/tripcase-alternative-2025,0,10,0,8.7
2026-03-28,/blog/tripcase-shutdown-what-now,0,3,0,8
2026-03-28,/pricing,0,3,0,19.67
2026-03-29,/,0,1,0,2
2026-03-29,/,0,1,0,2
2026-03-29,/,0,3,0,34.67
2026-03-29,/blog,0,2,0,3
2026-03-29,/blog/best-travel-apps-2025,0,16,0,9.81
2026-03-29,/blog/tripcase-alternative-2025,0,14,0,2.79
2026-03-29,/pricing,0,2,0,1.5
2026-03-30,/,0,8,0,32.63
2026-03-30,/about,0,1,0,62
2026-03-30,/blog,0,2,0,49.5
2026-03-30,/blog/best-travel-apps-2025,0,19,0,8.11
2026-03-30,/blog/tripcase-alternative-2025,0,2,0,8.5
2026-03-30,/blog/tripcase-shutdown-what-now,0,2,0,9.5
2026-03-30,/pricing,0,2,0,6
2026-03-31,/,0,1,0,2
2026-03-31,/,0,1,0,2
2026-03-31,/,0,15,0,29.8
2026-03-31,/about,0,1,0,5
2026-03-31,/blog,0,5,0,58.4
2026-03-31,/blog/best-travel-apps-2025,0,9,0,15
2026-03-31,/blog/tripcase-alternative-2025,0,5,0,8
2026-03-31,/blog/tripcase-shutdown-what-now,0,7,0,5.71
2026-03-31,/pricing,0,3,0,5.67
2026-04-01,/,1,7,0.1429,42.43
2026-04-01,/about,0,3,0,1
2026-04-01,/blog,0,4,0,25.5
2026-04-01,/blog/best-travel-apps-2025,0,21,0,14.33
2026-04-01,/blog/tripcase-alternative-2025,0,5,0,14.4
2026-04-01,/blog/tripcase-shutdown-what-now,0,1,0,12
2026-04-01,/pricing,0,4,0,1.25
2026-04-01,/terms,0,3,0,1
2026-04-02,/,0,11,0,25.73
2026-04-02,/about,0,1,0,5
2026-04-02,/blog,0,4,0,32.75
2026-04-02,/blog/best-travel-apps-2025,0,16,0,18.25
2026-04-02,/blog/travel-expense-tracking,0,1,0,6
2026-04-02,/blog/tripcase-alternative-2025,0,5,0,7.2
2026-04-02,/blog/tripcase-shutdown-what-now,0,4,0,10
2026-04-02,/pricing,0,4,0,2
2026-04-02,/terms,0,1,0,4
2026-04-03,/,0,1,0,2
2026-04-03,/,0,1,0,2
2026-04-03,/,0,10,0,21.8
2026-04-03,/blog,0,3,0,54.33
2026-04-03,/blog/best-travel-apps-2025,0,16,0,21.75
2026-04-03,/blog/getting-started-with-tripcache,0,1,0,2
2026-04-03,/blog/tripcase-alternative-2025,0,5,0,5.4
2026-04-03,/blog/tripcase-shutdown-what-now,0,10,0,6.9
2026-04-03,/pricing,0,1,0,2
2026-04-04,/,0,4,0,53.5
2026-04-04,/blog,0,1,0,91
2026-04-04,/blog/best-travel-apps-2025,0,12,0,16.67
2026-04-04,/blog/tripcase-alternative-2025,0,2,0,10
2026-04-04,/blog/tripcase-shutdown-what-now,0,2,0,10.5
2026-04-04,/pricing,0,1,0,2
2026-04-05,/,0,5,0,29.8
2026-04-05,/blog,0,3,0,49.67
2026-04-05,/blog/best-travel-apps-2025,0,8,0,31.75
2026-04-05,/blog/getting-started-with-tripcache,0,2,0,4
2026-04-05,/blog/tripcase-alternative-2025,0,3,0,7.33
2026-04-05,/blog/tripcase-shutdown-what-now,0,3,0,9.33
2026-04-05,/pricing,0,2,0,3.5
2026-04-06,/,2,22,0.0909,23.05
2026-04-06,/about,0,4,0,18.75
2026-04-06,/blog,0,13,0,34.85
2026-04-06,/blog/best-travel-apps-2025,0,18,0,10.5
2026-04-06,/blog/travel-expense-tracking,0,2,0,3
2026-04-06,/blog/tripcase-alternative-2025,0,7,0,4.57
2026-04-06,/blog/tripcase-shutdown-what-now,0,7,0,7.29
2026-04-06,/pricing,0,11,0,4.09
2026-04-06,/privacy,0,2,0,1
2026-04-06,/terms,0,1,0,1
2026-04-07,/,1,22,0.0455,20.27
2026-04-07,/,0,1,0,2
2026-04-07,/,0,1,0,2
2026-04-07,/about,0,1,0,92
2026-04-07,/blog,0,6,0,43
2026-04-07,/blog/best-travel-apps-2025,0,21,0,14.14
2026-04-07,/blog/travel-expense-tracking,0,2,0,3.5
2026-04-07,/blog/tripcase-alternative-2025,0,7,0,8.29
2026-04-07,/blog/tripcase-shutdown-what-now,0,3,0,3.33
2026-04-07,/pricing,0,5,0,18
2026-04-08,/,0,11,0,24.73
2026-04-08,/blog,0,3,0,62
2026-04-08,/blog/best-travel-apps-2025,0,14,0,22.57
2026-04-08,/blog/getting-started-with-tripcache,0,1,0,9
2026-04-08,/blog/tripcase-alternative-2025,0,2,0,4.5
2026-04-08,/blog/tripcase-shutdown-what-now,0,5,0,7
2026-04-08,/pricing,0,1,0,2
2026-04-09,/,0,9,0,27.89
2026-04-09,/blog,0,3,0,58
2026-04-09,/blog/best-travel-apps-2025,0,11,0,31.73
2026-04-09,/blog/getting-started-with-tripcache,0,1,0,7
2026-04-09,/blog/travel-expense-tracking,0,2,0,9.5
2026-04-09,/blog/tripcase-alternative-2025,0,5,0,8.6
2026-04-09,/blog/tripcase-shutdown-what-now,0,13,0,8
2026-04-09,/pricing,0,1,0,5
2026-04-10,/,0,10,0,20.6
2026-04-10,/about,0,1,0,6
2026-04-10,/blog,0,3,0,31.67
2026-04-10,/blog/best-travel-apps-2025,0,10,0,21.6
2026-04-10,/blog/travel-expense-tracking,0,1,0,7
2026-04-10,/blog/tripcase-alternative-2025,0,7,0,12.57
2026-04-10,/blog/tripcase-shutdown-what-now,0,5,0,8.2
2026-04-10,/pricing,0,4,0,2.25
2026-04-10,/privacy,0,1,0,5
2026-04-10,/terms,0,1,0,4
2026-04-11,/,0,9,0,26.44
2026-04-11,/blog,0,2,0,59
2026-04-11,/blog/best-travel-apps-2025,0,8,0,32.25
2026-04-11,/blog/tripcase-alternative-2025,0,2,0,7
2026-04-11,/blog/tripcase-shutdown-what-now,0,2,0,8.5
2026-04-11,/pricing,0,1,0,86
2026-04-12,/,1,16,0.0625,31.81
2026-04-12,/about,0,4,0,31.5
2026-04-12,/blog,0,4,0,26.75
2026-04-12,/blog/best-travel-apps-2025,0,16,0,32.94
2026-04-12,/blog/getting-started-with-tripcache,0,3,0,10.33
2026-04-12,/blog/tripcase-alternative-2025,0,3,0,18
2026-04-12,/blog/tripcase-shutdown-what-now,0,3,0,9.33
2026-04-12,/pricing,0,6,0,11.5
2026-04-13,/,0,12,0,31.58
2026-04-13,/blog,0,4,0,46.75
2026-04-13,/blog/best-travel-apps-2025,0,12,0,29.83
2026-04-13,/blog/getting-started-with-tripcache,0,4,0,8.25
2026-04-13,/blog/tripcase-alternative-2025,0,8,0,31.5
2026-04-13,/blog/tripcase-shutdown-what-now,0,9,0,23.78
2026-04-13,/pricing,0,4,0,20
2026-04-14,/,3,12,0.25,33.75
2026-04-14,/about,0,3,0,1
2026-04-14,/blog,0,7,0,45.86
2026-04-14,/blog/best-travel-apps-2025,0,9,0,23.56
2026-04-14,/blog/getting-started-with-tripcache,0,1,0,10
2026-04-14,/blog/tripcase-alternative-2025,0,5,0,9
2026-04-14,/blog/tripcase-shutdown-what-now,0,2,0,6.5
2026-04-14,/pricing,1,7,0.1429,17.86
2026-04-14,/privacy,0,2,0,1
2026-04-14,/terms,0,1,0,1
2026-04-15,/,0,16,0,15.63
2026-04-15,/about,0,3,0,6
2026-04-15,/blog,0,6,0,13.67
2026-04-15,/blog/best-travel-apps-2025,0,20,0,14.2
2026-04-15,/blog/getting-started-with-tripcache,0,5,0,8.2
2026-04-15,/blog/tripcase-alternative-2025,0,11,0,6.55
2026-04-15,/blog/tripcase-shutdown-what-now,0,6,0,9.17
2026-04-15,/pricing,0,6,0,4.5
2026-04-15,/privacy,0,3,0,3.33
2026-04-15,/terms,0,1,0,6
2026-04-16,/,0,13,0,44.62
2026-04-16,/blog,0,4,0,56.25
2026-04-16,/blog/best-travel-apps-2025,0,8,0,42.13
2026-04-16,/blog/getting-started-with-tripcache,0,1,0,12
2026-04-16,/blog/tripcase-alternative-2025,0,2,0,5.5
2026-04-16,/blog/tripcase-shutdown-what-now,0,2,0,7.5
2026-04-16,/pricing,0,2,0,9
2026-04-16,/privacy,0,1,0,2
2026-04-17,/,0,2,0,1
2026-04-17,/,0,2,0,1
2026-04-17,/,0,16,0,29.75
2026-04-17,/about,0,5,0,3.4
2026-04-17,/blog,0,8,0,33.88
2026-04-17,/blog/best-travel-apps-2025,0,9,0,31.78
2026-04-17,/blog/tripcase-shutdown-what-now,0,2,0,10
2026-04-17,/pricing,0,6,0,30
2026-04-17,/privacy,0,1,0,9
2026-04-17,/terms,0,1,0,7
2026-04-18,/,0,16,0,15.5
2026-04-18,/about,0,1,0,4
2026-04-18,/blog,0,1,0,72
2026-04-18,/blog/best-travel-apps-2025,0,6,0,39.67
2026-04-18,/blog/getting-started-with-tripcache,0,2,0,32
2026-04-18,/blog/tripcase-alternative-2025,0,2,0,24.5
2026-04-18,/blog/tripcase-shutdown-what-now,0,7,0,8.29
2026-04-18,/pricing,0,3,0,36.33
2026-04-19,/,0,3,0,46
2026-04-19,/about,0,1,0,2
2026-04-19,/blog,0,2,0,60
2026-04-19,/blog/best-travel-apps-2025,0,9,0,23
2026-04-19,/blog/getting-started-with-tripcache,0,1,0,17
2026-04-19,/blog/tripcase-alternative-2025,0,2,0,9.5
2026-04-19,/blog/tripcase-shutdown-what-now,0,2,0,9
2026-04-19,/pricing,0,3,0,29.33
2026-04-20,/,0,15,0,43
2026-04-20,/blog,0,5,0,75.4
2026-04-20,/blog/best-travel-apps-2025,0,7,0,43.14
2026-04-20,/blog/getting-started-with-tripcache,0,1,0,7
2026-04-20,/pricing,0,2,0,8.5
2026-04-21,/,0,21,0,17.24
2026-04-21,/blog,0,6,0,31.5
2026-04-21,/blog/best-travel-apps-2025,0,10,0,16.6
2026-04-21,/blog/getting-started-with-tripcache,0,3,0,6
2026-04-21,/blog/travel-expense-tracking,0,1,0,35
2026-04-21,/blog/tripcase-shutdown-what-now,0,1,0,2
2026-04-21,/pricing,0,5,0,21.4
2026-04-22,/,1,15,0.0667,16.53
2026-04-22,/about,0,2,0,5.5
2026-04-22,/blog,0,5,0,34.4
2026-04-22,/blog/best-travel-apps-2025,0,18,0,13.67
2026-04-22,/blog/getting-started-with-tripcache,0,3,0,6
2026-04-22,/blog/travel-expense-tracking,0,2,0,10
2026-04-22,/blog/tripcase-alternative-2025,0,1,0,16
2026-04-22,/pricing,0,4,0,20.5
2026-04-22,/privacy,0,1,0,10
2026-04-23,/,0,10,0,28.4
2026-04-23,/about,0,2,0,4.5
2026-04-23,/blog,0,4,0,7.5
2026-04-23,/blog/best-travel-apps-2025,0,36,0,18.19
2026-04-23,/blog/digital-nomad-organization,0,1,0,8
2026-04-23,/blog/frequent-flyer-tips,0,1,0,10
2026-04-23,/blog/privacy-and-security,0,4,0,6.75
2026-04-23,/blog/travel-expense-tracking,0,1,0,9
2026-04-23,/blog/tripcase-alternative-2025,0,5,0,8.2
2026-04-23,/pricing,0,3,0,32
2026-04-23,/privacy,0,2,0,7
2026-04-23,/terms,0,1,0,4
2026-04-24,/,1,7,0.1429,20.71
2026-04-24,/blog/best-travel-apps-2025,0,32,0,20.69
2026-04-24,/blog/frequent-flyer-tips,0,3,0,5
2026-04-24,/blog/how-to-automatically-track-flights-2025,0,6,0,5.83
2026-04-24,/blog/tripcase-alternative-2025,0,9,0,6.89
2026-04-24,/pricing,0,1,0,8
2026-04-25,/,0,11,0,25.18
2026-04-25,/about,0,1,0,82
2026-04-25,/blog,0,1,0,66
2026-04-25,/blog/best-travel-apps-2025,0,22,0,15.05
2026-04-25,/blog/frequent-flyer-tips,0,3,0,5.33
2026-04-25,/blog/getting-started-with-tripcache,0,2,0,7
2026-04-25,/blog/how-to-automatically-track-flights-2025,0,2,0,6.5
2026-04-25,/blog/privacy-and-security,0,28,0,7.61
2026-04-25,/blog/tripcase-alternative-2025,0,21,0,15.24
2026-04-25,/pricing,0,4,0,29.75
2026-04-26,/,0,21,0,27.19
2026-04-26,/about,0,2,0,43.5
2026-04-26,/blog,0,5,0,64.8
2026-04-26,/blog/best-travel-apps-2025,0,18,0,18.22
2026-04-26,/blog/digital-nomad-organization,0,1,0,8
2026-04-26,/blog/frequent-flyer-tips,0,8,0,17.38
2026-04-26,/blog/getting-started-with-tripcache,0,5,0,17.4
2026-04-26,/blog/how-to-automatically-track-flights-2025,0,3,0,7.33
2026-04-26,/blog/privacy-and-security,0,11,0,7
2026-04-26,/blog/tripcase-alternative-2025,0,18,0,20.83
2026-04-26,/pricing,0,10,0,20.3
2026-04-26,/privacy,0,1,0,5
2026-04-26,/terms,0,1,0,4
2026-04-27,/,0,18,0,16.28
2026-04-27,/about,0,2,0,7.5
2026-04-27,/blog,0,7,0,35.29
2026-04-27,/blog/best-travel-apps-2025,0,17,0,15.24
2026-04-27,/blog/digital-nomad-organization,0,3,0,11.33
2026-04-27,/blog/frequent-flyer-tips,0,4,0,22.25
2026-04-27,/blog/how-to-automatically-track-flights-2025,0,3,0,10.33
2026-04-27,/blog/privacy-and-security,0,9,0,5.33
2026-04-27,/blog/tripcase-alternative-2025,0,18,0,22.33
2026-04-27,/pricing,0,9,0,27.67
2026-04-28,/,5,17,0.2941,23.41
2026-04-28,/about,0,5,0,1
2026-04-28,/blog,0,7,0,18.71
2026-04-28,/blog/best-travel-apps-2025,0,6,0,23.33
2026-04-28,/blog/frequent-flyer-tips,0,8,0,4
2026-04-28,/blog/getting-started-with-tripcache,0,2,0,1
2026-04-28,/blog/how-to-automatically-track-flights-2025,0,10,0,4
2026-04-28,/blog/privacy-and-security,0,9,0,7.11
2026-04-28,/blog/tripcase-alternative-2025,0,12,0,30.58
2026-04-28,/pricing,0,7,0,12.86
2026-04-29,/,0,13,0,35.46
2026-04-29,/blog,0,3,0,35.33
2026-04-29,/blog/best-travel-apps-2025,0,6,0,26
2026-04-29,/blog/digital-nomad-organization,0,5,0,11.2
2026-04-29,/blog/frequent-flyer-tips,0,5,0,4.8
2026-04-29,/blog/how-to-automatically-track-flights-2025,0,7,0,5.14
2026-04-29,/blog/privacy-and-security,1,20,0.05,10.1
2026-04-29,/blog/tripcase-alternative-2025,0,17,0,15.47
2026-04-29,/pricing,0,3,0,52
2026-04-30,/,0,14,0,16.14
2026-04-30,/about,0,2,0,1.5
2026-04-30,/blog,0,3,0,36.67
2026-04-30,/blog/best-travel-apps-2025,0,5,0,6.6
2026-04-30,/blog/frequent-flyer-tips,0,3,0,3.67
2026-04-30,/blog/getting-started-with-tripcache,0,4,0,3.75
2026-04-30,/blog/how-to-automatically-track-flights-2025,0,3,0,9
2026-04-30,/blog/privacy-and-security,0,16,0,7.81
2026-04-30,/blog/tripcase-alternative-2025,0,12,0,13.83
2026-04-30,/pricing,0,2,0,3.5
2026-04-30,/terms,0,1,0,1
2026-05-01,/,0,7,0,26.14
2026-05-01,/blog,0,3,0,24.67
2026-05-01,/blog/best-travel-apps-2025,0,15,0,22.93
2026-05-01,/blog/digital-nomad-organization,0,1,0,11
2026-05-01,/blog/frequent-flyer-tips,0,6,0,5.83
2026-05-01,/blog/getting-started-with-tripcache,0,2,0,2.5
2026-05-01,/blog/how-to-automatically-track-flights-2025,0,2,0,5.5
2026-05-01,/blog/privacy-and-security,0,16,0,7.81
2026-05-01,/blog/tripcase-alternative-2025,0,18,0,11.22
2026-05-01,/pricing,0,2,0,47.5
2026-05-02,/,0,1,0,1
2026-05-02,/,0,22,0,24.64
2026-05-02,/about,0,1,0,9
2026-05-02,/blog,0,10,0,42.7
2026-05-02,/blog/best-travel-apps-2025,0,11,0,9.36
2026-05-02,/blog/frequent-flyer-tips,0,10,0,12.5
2026-05-02,/blog/getting-started-with-tripcache,0,2,0,5.5
2026-05-02,/blog/how-to-automatically-track-flights-2025,0,1,0,9
2026-05-02,/blog/privacy-and-security,0,13,0,8.46
2026-05-02,/blog/tripcase-alternative-2025,0,16,0,29.88
2026-05-02,/pricing,0,6,0,59.33
2026-05-03,/,0,8,0,35.88
2026-05-03,/blog,0,1,0,85
2026-05-03,/blog/best-travel-apps-2025,1,10,0.1,11.8
2026-05-03,/blog/frequent-flyer-tips,0,4,0,23.5
2026-05-03,/blog/getting-started-with-tripcache,0,1,0,8
2026-05-03,/blog/how-to-automatically-track-flights-2025,0,5,0,6.6
2026-05-03,/blog/privacy-and-security,0,32,0,8.19
2026-05-03,/blog/tripcase-alternative-2025,0,24,0,12.92
2026-05-03,/pricing,0,3,0,24
2026-05-04,/,0,21,0,12.67
2026-05-04,/about,0,2,0,6.5
2026-05-04,/blog,0,3,0,68.33
2026-05-04,/blog/best-travel-apps-2025,0,6,0,19.5
2026-05-04,/blog/frequent-flyer-tips,0,1,0,12
2026-05-04,/blog/getting-started-with-tripcache,0,4,0,6
2026-05-04,/blog/how-to-automatically-track-flights-2025,0,5,0,17.6
2026-05-04,/blog/privacy-and-security,0,11,0,8.64
2026-05-04,/blog/tripcase-alternative-2025,0,20,0,14.15
2026-05-04,/pricing,0,6,0,5.33
2026-05-05,/,0,15,0,8.93
2026-05-05,/blog,0,2,0,44
2026-05-05,/blog/frequent-flyer-tips,0,6,0,14
2026-05-05,/blog/how-to-automatically-track-flights-2025,0,8,0,7.25
2026-05-05,/blog/privacy-and-security,0,33,0,9.91
2026-05-05,/blog/tripcase-alternative-2025,0,14,0,17.36
2026-05-05,/pricing,0,6,0,30.67
2026-05-06,/,0,20,0,15.95
2026-05-06,/about,0,3,0,10
2026-05-06,/blog,0,2,0,43
2026-05-06,/blog/digital-nomad-organization,0,4,0,4.5
2026-05-06,/blog/frequent-flyer-tips,0,10,0,4.2
2026-05-06,/blog/getting-started-with-tripcache,0,4,0,7.25
2026-05-06,/blog/how-to-automatically-track-flights-2025,0,6,0,7
2026-05-06,/blog/privacy-and-security,0,11,0,7.82
2026-05-06,/blog/tripcase-alternative-2025,0,18,0,18
2026-05-06,/pricing,0,8,0,26.63
2026-05-07,/,0,1,0,1
2026-05-07,/,0,17,0,10.47
2026-05-07,/about,0,1,0,11
2026-05-07,/blog,0,2,0,6
2026-05-07,/blog/frequent-flyer-tips,0,10,0,17.4
2026-05-07,/blog/getting-started-with-tripcache,0,5,0,6.2
2026-05-07,/blog/how-to-automatically-track-flights-2025,0,5,0,9.2
2026-05-07,/blog/privacy-and-security,0,14,0,8.29
2026-05-07,/blog/tripcase-alternative-2025,0,11,0,15.55
2026-05-07,/pricing,0,6,0,16
2026-05-08,/,1,35,0.0286,14.77
2026-05-08,/about,0,2,0,34
2026-05-08,/blog,0,3,0,67
2026-05-08,/blog/frequent-flyer-tips,0,11,0,6.82
2026-05-08,/blog/getting-started-with-tripcache,0,2,0,1
2026-05-08,/blog/how-to-automatically-track-flights-2025,0,2,0,5
2026-05-08,/blog/privacy-and-security,0,25,0,7.76
2026-05-08,/blog/tripcase-alternative-2025,1,27,0.037,12.89
2026-05-08,/pricing,0,4,0,30.25
2026-05-08,/privacy,0,1,0,1
2026-05-09,/,0,16,0,34.31
2026-05-09,/about,0,1,0,72
2026-05-09,/blog,0,1,0,57
2026-05-09,/blog/frequent-flyer-tips,0,5,0,6
2026-05-09,/blog/getting-started-with-tripcache,0,1,0,1
2026-05-09,/blog/how-to-automatically-track-flights-2025,0,1,0,10
2026-05-09,/blog/privacy-and-security,0,2,0,4
2026-05-09,/blog/tripcase-alternative-2025,0,10,0,5.6
2026-05-09,/pricing,0,4,0,55
2026-05-10,/,0,17,0,16.88
2026-05-10,/blog,0,2,0,36
2026-05-10,/blog/frequent-flyer-tips,0,7,0,7.43
2026-05-10,/blog/how-to-automatically-track-flights-2025,0,5,0,5.6
2026-05-10,/blog/privacy-and-security,0,2,0,10.5
2026-05-10,/blog/tripcase-alternative-2025,0,19,0,5.84
2026-05-10,/pricing,0,4,0,21.25
2026-05-10,/privacy,0,9,0,29.11
2026-05-11,/,0,41,0,17.61
2026-05-11,/about,0,2,0,3.5
2026-05-11,/blog,0,5,0,17.2
2026-05-11,/blog/getting-started-with-tripcache,0,1,0,6
2026-05-11,/blog/how-to-automatically-track-flights-2025,0,4,0,6
2026-05-11,/blog/privacy-and-security,0,13,0,5.77
2026-05-11,/blog/tripcase-alternative-2025,0,19,0,13.47
2026-05-11,/pricing,0,10,0,27.3
2026-05-12,/,0,26,0,26.81
2026-05-12,/about,0,2,0,4
2026-05-12,/blog,0,2,0,88
2026-05-12,/blog/how-to-automatically-track-flights-2025,0,4,0,5
2026-05-12,/blog/privacy-and-security,0,6,0,5.5
2026-05-12,/blog/tripcase-alternative-2025,0,11,0,10.91
2026-05-12,/pricing,0,11,0,38.91
2026-05-13,/,0,1,0,1
2026-05-13,/,0,1,0,1
2026-05-13,/,0,19,0,25.11
2026-05-13,/about,0,1,0,7
2026-05-13,/blog,0,3,0,46.33
2026-05-13,/blog/privacy-and-security,0,2,0,5
2026-05-13,/blog/tripcase-alternative-2025,0,8,0,13
2026-05-13,/pricing,0,6,0,41.17
2026-05-13,/privacy,0,1,0,8
2026-05-13,/terms,0,1,0,10
2026-05-14,/,1,28,0.0357,16.18
2026-05-14,/,0,3,0,1
2026-05-14,/,0,3,0,1
2026-05-14,/about,0,4,0,4.75
2026-05-14,/blog,0,6,0,2
2026-05-14,/blog/getting-started-with-tripcache,0,1,0,10
2026-05-14,/blog/how-to-automatically-track-flights-2025,0,2,0,9
2026-05-14,/blog/privacy-and-security,0,3,0,6.67
2026-05-14,/blog/travel-expense-tracking,0,1,0,8
2026-05-14,/blog/tripcase-alternative-2025,0,9,0,14.33
2026-05-14,/pricing,0,7,0,15.29
2026-05-14,/privacy,0,2,0,6.5
2026-05-14,/terms,0,1,0,4
2026-05-15,/,0,1,0,1
2026-05-15,/,0,1,0,1
2026-05-15,/,0,19,0,24.37
2026-05-15,/blog,0,4,0,46.25
2026-05-15,/blog/how-to-automatically-track-flights-2025,0,5,0,7.8
2026-05-15,/blog/privacy-and-security,0,8,0,6.13
2026-05-15,/blog/tripcase-alternative-2025,0,11,0,4
2026-05-15,/pricing,0,4,0,31.25
2026-05-16,/,0,27,0,15.3
2026-05-16,/about,0,1,0,69
2026-05-16,/blog,0,2,0,80.5
2026-05-16,/blog/getting-started-with-tripcache,0,2,0,6.5
2026-05-16,/blog/how-to-automatically-track-flights-2025,0,4,0,7.25
2026-05-16,/blog/privacy-and-security,0,12,0,8.58
2026-05-16,/blog/tripcase-alternative-2025,0,21,0,6.19
2026-05-16,/pricing,0,3,0,44.67
2026-05-17,/,0,11,0,11.18
2026-05-17,/about,0,1,0,4
2026-05-17,/blog,0,1,0,66
2026-05-17,/blog/how-to-automatically-track-flights-2025,0,1,0,3
2026-05-17,/blog/privacy-and-security,0,4,0,4.75
2026-05-17,/blog/tripcase-alternative-2025,0,11,0,6
2026-05-17,/pricing,0,3,0,27.33
2026-05-18,/,0,25,0,18.84
2026-05-18,/about,0,3,0,1.67
2026-05-18,/blog,0,1,0,64
2026-05-18,/blog/how-to-automatically-track-flights-2025,0,8,0,6.13
2026-05-18,/blog/travel-expense-tracking,0,3,0,19
2026-05-18,/blog/tripcase-alternative-2025,0,8,0,9.25
2026-05-18,/pricing,0,4,0,23
2026-05-19,/,1,17,0.0588,20.82
2026-05-19,/,0,1,0,2
2026-05-19,/about,0,1,0,1
2026-05-19,/blog,0,2,0,38
2026-05-19,/blog/best-travel-apps-2025,0,2,0,10.5
2026-05-19,/blog/frequent-flyer-tips,0,1,0,1
2026-05-19,/blog/tripcase-alternative-2025,1,12,0.0833,14.08
2026-05-19,/blog/tripcase-shutdown-what-now,0,3,0,8.33
2026-05-19,/blog/tripit-vs-tripcache-comparison-2025,0,1,0,8
2026-05-19,/pricing,0,6,0,16
2026-05-20,/,0,8,0,1.75
2026-05-20,/,0,1,0,1
2026-05-20,/,0,1,0,1
2026-05-20,/,0,9,0,40.89
2026-05-20,/about,0,2,0,6.5
2026-05-20,/blog,0,6,0,41.67
2026-05-20,/blog/best-travel-apps-2025,0,10,0,29.3
2026-05-20,/blog/digital-nomad-organization,0,6,0,4
2026-05-20,/blog/tripcase-alternative-2025,0,19,0,25.42
2026-05-20,/blog/tripcase-shutdown-what-now,0,10,0,33.4
2026-05-20,/blog/tripit-vs-tripcache-comparison-2025,0,4,0,24.75
2026-05-20,/pricing,0,5,0,46.4
2026-05-21,/,0,3,0,6.67
2026-05-21,/,0,1,0,1
2026-05-21,/,0,1,0,1
2026-05-21,/,0,10,0,30.6
2026-05-21,/about,0,1,0,8
2026-05-21,/blog,0,2,0,41
2026-05-21,/blog/best-travel-apps-2025,0,8,0,21.75
2026-05-21,/blog/digital-nomad-organization,0,9,0,8.56
2026-05-21,/blog/tripcase-alternative-2025,0,14,0,18.21
2026-05-21,/blog/tripcase-shutdown-what-now,0,9,0,25.67
2026-05-21,/blog/tripit-vs-tripcache-comparison-2025,0,5,0,49.8
2026-05-21,/pricing,0,4,0,58.5
2026-05-22,/,0,16,0,4.25
2026-05-22,/,0,1,0,1
2026-05-22,/,0,1,0,1
2026-05-22,/,0,7,0,12.14
2026-05-22,/about,0,2,0,5
2026-05-22,/blog,0,3,0,23.67
2026-05-22,/blog/best-travel-apps-2025,0,17,0,23.59
2026-05-22,/blog/digital-nomad-organization,0,4,0,22.5
2026-05-22,/blog/frequent-flyer-tips,0,1,0,1
2026-05-22,/blog/how-to-automatically-track-flights-2025,0,1,0,5
2026-05-22,/blog/tripcase-alternative-2025,0,17,0,13.06
2026-05-22,/blog/tripcase-shutdown-what-now,0,12,0,17.17
2026-05-22,/blog/tripit-vs-tripcache-comparison-2025,0,1,0,12
2026-05-22,/pricing,0,6,0,7.17
2026-05-23,/,0,7,0,8.14
2026-05-23,/,0,13,0,36.15
2026-05-23,/about,0,4,0,60.25
2026-05-23,/blog,0,6,0,50
2026-05-23,/blog/best-travel-apps-2025,0,3,0,45.33
2026-05-23,/blog/digital-nomad-organization,0,9,0,10.22
2026-05-23,/blog/tripcase-alternative-2025,0,25,0,25.12
2026-05-23,/blog/tripcase-shutdown-what-now,0,14,0,34.14
2026-05-23,/blog/tripit-vs-tripcache-comparison-2025,0,5,0,35.4
2026-05-23,/pricing,0,6,0,29.17
2026-05-23,/privacy,0,1,0,1
2026-05-24,/,0,6,0,16.33
2026-05-24,/,0,13,0,32
2026-05-24,/about,0,1,0,8
2026-05-24,/blog,0,5,0,73.8
2026-05-24,/blog/best-travel-apps-2025,0,7,0,43.14
2026-05-24,/blog/digital-nomad-organization,0,4,0,6.75
2026-05-24,/blog/how-to-automatically-track-flights-2025,0,3,0,11
2026-05-24,/blog/tripcase-alternative-2025,1,13,0.0769,33.08
2026-05-24,/blog/tripcase-shutdown-what-now,0,22,0,26.41
2026-05-24,/blog/tripit-vs-tripcache-comparison-2025,0,6,0,36.33
2026-05-24,/pricing,0,9,0,21.22
2026-05-25,/,0,17,0,23.82
2026-05-25,/about,0,1,0,4
2026-05-25,/blog,0,8,0,41.75
2026-05-25,/blog/best-travel-apps-2025,0,8,0,42.75
2026-05-25,/blog/digital-nomad-organization,0,6,0,5.83
2026-05-25,/blog/how-to-automatically-track-flights-2025,0,2,0,9.5
2026-05-25,/blog/travel-expense-tracking,0,1,0,6
2026-05-25,/blog/tripcase-alternative-2025,0,17,0,35
2026-05-25,/blog/tripcase-shutdown-what-now,1,47,0.0213,22.04
2026-05-25,/blog/tripit-vs-tripcache-comparison-2025,0,5,0,20.6
2026-05-25,/pricing,0,3,0,15
2026-05-25,/privacy,0,1,0,1
2026-05-25,/terms,0,1,0,6
2026-05-26,/,0,14,0,22.5
2026-05-26,/about,1,2,0.5,2.5
2026-05-26,/blog,0,6,0,34.83
2026-05-26,/blog/best-travel-apps-2025,0,5,0,30.6
2026-05-26,/blog/digital-nomad-organization,0,21,0,5.24
2026-05-26,/blog/frequent-flyer-tips,0,1,0,1
2026-05-26,/blog/getting-started-with-tripcache,0,3,0,7
2026-05-26,/blog/tripcase-alternative-2025,1,15,0.0667,15.73
2026-05-26,/blog/tripcase-shutdown-what-now,2,18,0.1111,10.61
2026-05-26,/blog/tripit-vs-tripcache-comparison-2025,0,1,0,11
2026-05-26,/pricing,0,4,0,15.5
2026-05-26,/privacy,0,1,0,1
2026-05-27,/,0,22,0,19.14
2026-05-27,/blog,0,7,0,39
2026-05-27,/blog/best-travel-apps-2025,0,10,0,11.6
2026-05-27,/blog/digital-nomad-organization,0,18,0,6.94
2026-05-27,/blog/tripcase-alternative-2025,0,15,0,19.93
2026-05-27,/blog/tripcase-shutdown-what-now,0,24,0,13.13
2026-05-27,/blog/tripit-vs-tripcache-comparison-2025,0,3,0,45.33
2026-05-27,/pricing,0,6,0,33.67
2026-05-28,/,1,49,0.0204,17.24
2026-05-28,/about,0,9,0,13.56
2026-05-28,/blog,0,13,0,16.54
2026-05-28,/blog/best-travel-apps-2025,0,9,0,32.22
2026-05-28,/blog/digital-nomad-organization,0,21,0,6.71
2026-05-28,/blog/frequent-flyer-tips,0,1,0,6
2026-05-28,/blog/getting-started-with-tripcache,0,2,0,10.5
2026-05-28,/blog/how-to-automatically-track-flights-2025,0,1,0,1
2026-05-28,/blog/privacy-and-security,0,3,0,8.33
2026-05-28,/blog/travel-expense-tracking,0,3,0,10
2026-05-28,/blog/tripcase-alternative-2025,0,21,0,25.95
2026-05-28,/blog/tripcase-shutdown-what-now,0,21,0,15.81
2026-05-28,/blog/tripit-vs-tripcache-comparison-2025,0,2,0,38
2026-05-28,/pricing,0,14,0,24.71
2026-05-28,/privacy,0,9,0,5.33
2026-05-28,/terms,0,7,0,5.57
2026-05-29,/,0,7,0,16.43
2026-05-29,/about,0,1,0,2
2026-05-29,/blog,0,4,0,53.75
2026-05-29,/blog/best-travel-apps-2025,0,31,0,21.77
2026-05-29,/blog/digital-nomad-organization,0,22,0,5.41
2026-05-29,/blog/how-to-automatically-track-flights-2025,0,1,0,6
2026-05-29,/blog/privacy-and-security,0,1,0,8
2026-05-29,/blog/tripcase-alternative-2025,0,11,0,12.82
2026-05-29,/blog/tripcase-shutdown-what-now,0,25,0,13.72
2026-05-29,/blog/tripit-vs-tripcache-comparison-2025,0,2,0,17.5
2026-05-29,/pricing,0,5,0,40
2026-05-29,/privacy,0,1,0,4
2026-05-29,/terms,0,1,0,6
2026-05-30,/,0,22,0,25.09
2026-05-30,/about,0,4,0,57.25
2026-05-30,/blog,0,11,0,42
2026-05-30,/blog/best-travel-apps-2025,0,36,0,13.83
2026-05-30,/blog/digital-nomad-organization,0,24,0,6.67
2026-05-30,/blog/how-to-automatically-track-flights-2025,0,1,0,7
2026-05-30,/blog/privacy-and-security,0,2,0,8
2026-05-30,/blog/tripcase-alternative-2025,0,46,0,16.54
2026-05-30,/blog/tripcase-shutdown-what-now,0,30,0,15.43
2026-05-30,/blog/tripit-vs-tripcache-comparison-2025,0,9,0,20.56
2026-05-30,/pricing,0,7,0,32.86
2026-05-31,/,0,26,0,8.81
2026-05-31,/about,0,3,0,12.33
2026-05-31,/blog,0,5,0,17.6
2026-05-31,/blog/best-travel-apps-2025,0,111,0,7.51
2026-05-31,/blog/digital-nomad-organization,0,19,0,6
2026-05-31,/blog/getting-started-with-tripcache,0,3,0,4
2026-05-31,/blog/how-to-automatically-track-flights-2025,0,1,0,7
2026-05-31,/blog/privacy-and-security,0,21,0,7
2026-05-31,/blog/travel-expense-tracking,0,3,0,7
2026-05-31,/blog/tripcase-alternative-2025,0,17,0,10.18
2026-05-31,/blog/tripcase-shutdown-what-now,0,29,0,7.07
2026-05-31,/blog/tripit-vs-tripcache-comparison-2025,0,9,0,11.78
2026-05-31,/pricing,0,9,0,3.78
2026-05-31,/privacy,0,4,0,5.25
2026-05-31,/terms,0,4,0,6
2026-06-01,/,0,31,0,20.74
2026-06-01,/about,0,3,0,52
2026-06-01,/blog,0,7,0,52.71
2026-06-01,/blog/best-travel-apps-2025,1,53,0.0189,12.58
2026-06-01,/blog/digital-nomad-organization,0,18,0,6.72
2026-06-01,/blog/how-to-automatically-track-flights-2025,0,2,0,8
2026-06-01,/blog/privacy-and-security,0,1,0,12
2026-06-01,/blog/tripcase-alternative-2025,0,43,0,17.16
2026-06-01,/blog/tripcase-shutdown-what-now,0,29,0,13.97
2026-06-01,/blog/tripit-vs-tripcache-comparison-2025,0,15,0,11.13
2026-06-01,/pricing,0,4,0,66
2026-06-01,/privacy,0,2,0,4.5
2026-06-02,/,0,22,0,17.82
2026-06-02,/about,0,1,0,3
2026-06-02,/blog,0,5,0,61.8
2026-06-02,/blog/best-travel-apps-2025,0,18,0,11.33
2026-06-02,/blog/digital-nomad-organization,0,16,0,5.5
2026-06-02,/blog/how-to-automatically-track-flights-2025,0,1,0,12
2026-06-02,/blog/privacy-and-security,0,4,0,9
2026-06-02,/blog/tripcase-alternative-2025,0,7,0,47.86
2026-06-02,/blog/tripcase-shutdown-what-now,0,20,0,11.6
2026-06-02,/blog/tripit-vs-tripcache-comparison-2025,1,4,0.25,6.25
2026-06-02,/pricing,0,2,0,31
2026-06-03,/,0,16,0,33.31
2026-06-03,/blog,0,7,0,38.57
2026-06-03,/blog/best-travel-apps-2025,0,13,0,21.54
2026-06-03,/blog/digital-nomad-organization,0,18,0,6.5
2026-06-03,/blog/privacy-and-security,0,2,0,8
2026-06-03,/blog/tripcase-alternative-2025,0,11,0,33.45
2026-06-03,/blog/tripcase-shutdown-what-now,0,4,0,10.75
2026-06-03,/blog/tripit-vs-tripcache-comparison-2025,0,2,0,49.5
2026-06-03,/pricing,0,5,0,32
2026-06-04,/,1,15,0.0667,8.8
2026-06-04,/about,0,3,0,4.67
2026-06-04,/blog,0,9,0,19.11
2026-06-04,/blog/best-travel-apps-2025,0,20,0,9.75
2026-06-04,/blog/getting-started-with-tripcache,0,3,0,4.67
2026-06-04,/blog/how-to-automatically-track-flights-2025,0,3,0,2
2026-06-04,/blog/privacy-and-security,0,5,0,5.4
2026-06-04,/blog/travel-expense-tracking,0,3,0,9
2026-06-04,/blog/tripcase-alternative-2025,0,17,0,10.06
2026-06-04,/blog/tripcase-shutdown-what-now,0,3,0,3.33
2026-06-04,/blog/tripit-vs-tripcache-comparison-2025,0,12,0,9.75
2026-06-04,/pricing,0,4,0,36.25
2026-06-04,/privacy,0,1,0,1
2026-06-05,/,0,14,0,20.57
2026-06-05,/about,0,4,0,2.75
2026-06-05,/blog,0,8,0,31.38
2026-06-05,/blog/best-travel-apps-2025,0,14,0,20.14
2026-06-05,/blog/how-to-automatically-track-flights-2025,0,3,0,7.67
2026-06-05,/blog/tripcase-alternative-2025,0,17,0,11.47
2026-06-05,/blog/tripit-vs-tripcache-comparison-2025,0,3,0,6
2026-06-05,/pricing,0,4,0,5.75
2026-06-05,/privacy,0,3,0,1
2026-06-05,/terms,0,3,0,1
2026-06-06,/,0,10,0,26.9
2026-06-06,/about,0,1,0,7
2026-06-06,/blog,0,3,0,61.67
2026-06-06,/blog/best-travel-apps-2025,0,7,0,10.43
2026-06-06,/blog/how-to-automatically-track-flights-2025,0,1,0,7
2026-06-06,/blog/tripcase-alternative-2025,0,15,0,20.13
2026-06-06,/blog/tripcase-shutdown-what-now,0,5,0,7.6
2026-06-06,/blog/tripit-vs-tripcache-comparison-2025,0,3,0,33
2026-06-06,/pricing,0,1,0,10
2026-06-07,/,0,17,0,13.06
2026-06-07,/about,0,2,0,40
2026-06-07,/blog,0,2,0,58.5
2026-06-07,/blog/best-travel-apps-2025,0,13,0,16.08
2026-06-07,/blog/tripcase-alternative-2025,0,9,0,14.11
2026-06-07,/blog/tripcase-shutdown-what-now,0,4,0,7.75
2026-06-07,/blog/tripit-vs-tripcache-comparison-2025,0,4,0,6.5
2026-06-07,/pricing,0,1,0,17
2026-06-08,/,0,17,0,26.24
2026-06-08,/about,0,3,0,34
2026-06-08,/blog,0,3,0,65.67
2026-06-08,/blog/best-travel-apps-2025,0,6,0,18.17
2026-06-08,/blog/how-to-automatically-track-flights-2025,0,2,0,5
2026-06-08,/blog/privacy-and-security,0,1,0,2
2026-06-08,/blog/tripcase-alternative-2025,0,23,0,15.22
2026-06-08,/blog/tripcase-shutdown-what-now,0,4,0,6.75
2026-06-08,/blog/tripit-vs-tripcache-comparison-2025,0,7,0,10.14
2026-06-08,/pricing,0,1,0,31
2026-06-09,/,1,17,0.0588,15.76
2026-06-09,/about,0,4,0,42
2026-06-09,/blog,0,9,0,31.78
2026-06-09,/blog/best-travel-apps-2025,0,17,0,11.24
2026-06-09,/blog/hotel-cancellation-reminder-app-2026,0,1,0,8
2026-06-09,/blog/tripcase-alternative-2025,0,22,0,15.18
2026-06-09,/blog/tripcase-shutdown-what-now,0,1,0,11
2026-06-09,/blog/tripit-vs-tripcache-comparison-2025,0,4,0,6.75
2026-06-09,/pricing,0,4,0,5.75
2026-06-09,/privacy,0,2,0,1
2026-06-09,/terms,0,3,0,1
2026-06-10,/,1,24,0.0417,22.04
2026-06-10,/blog,0,8,0,47.13
2026-06-10,/blog/best-travel-apps-2025,0,14,0,24
2026-06-10,/blog/hotel-cancellation-reminder-app-2026,0,2,0,6
2026-06-10,/blog/how-to-automatically-track-flights-2025,0,2,0,4
2026-06-10,/blog/privacy-and-security,0,2,0,13.5
2026-06-10,/blog/tripcase-alternative-2025,0,27,0,20.15
2026-06-10,/blog/tripcase-shutdown-what-now,0,8,0,16.88
2026-06-10,/blog/tripit-vs-tripcache-comparison-2025,0,3,0,22.33
2026-06-11,/,1,12,0.0833,24.08
2026-06-11,/about,0,3,0,56
2026-06-11,/blog,0,6,0,51.83
2026-06-11,/blog/best-travel-apps-2025,0,4,0,6.25
2026-06-11,/blog/hotel-cancellation-reminder-app-2026,0,6,0,6.17
2026-06-11,/blog/how-to-automatically-track-flights-2025,0,1,0,2
2026-06-11,/blog/privacy-and-security,0,2,0,11
2026-06-11,/blog/tripcase-alternative-2025,0,26,0,19.15
2026-06-11,/blog/tripcase-shutdown-what-now,0,4,0,15.75
2026-06-11,/blog/tripit-vs-tripcache-comparison-2025,0,7,0,11.14
2026-06-11,/pricing,0,1,0,1
2026-06-11,/privacy,0,1,0,1
2026-06-12,/,1,24,0.0417,24.08
2026-06-12,/,0,1,0,6
2026-06-12,/,0,1,0,6
2026-06-12,/about,0,3,0,56
2026-06-12,/blog,0,10,0,42.7
2026-06-12,/blog/best-travel-apps-2025,0,20,0,12.9
2026-06-12,/blog/hotel-cancellation-reminder-app-2026,0,6,0,2
2026-06-12,/blog/how-to-automatically-track-flights-2025,0,2,0,7.5
2026-06-12,/blog/privacy-and-security,0,3,0,10.67
2026-06-12,/blog/tripcase-alternative-2025,1,33,0.0303,23.55
2026-06-12,/blog/tripcase-shutdown-what-now,0,18,0,13.44
2026-06-12,/blog/tripit-vs-tripcache-comparison-2025,0,7,0,24.29
2026-06-12,/pricing,0,2,0,3.5
2026-06-12,/privacy,0,1,0,1
2026-06-13,/,1,19,0.0526,38.32
2026-06-13,/about,0,3,0,79.33
2026-06-13,/blog,0,9,0,71.44
2026-06-13,/blog/best-travel-apps-2025,0,16,0,12.75
2026-06-13,/blog/hotel-cancellation-reminder-app-2026,0,5,0,7
2026-06-13,/blog/how-to-automatically-track-flights-2025,0,1,0,9
2026-06-13,/blog/tripcase-alternative-2025,0,37,0,20.46
2026-06-13,/blog/tripcase-shutdown-what-now,0,34,0,13.24
2026-06-13,/blog/tripit-vs-tripcache-comparison-2025,0,3,0,5.33
2026-06-13,/pricing,0,2,0,50
2026-06-13,/privacy,0,1,0,68
2026-06-14,/,1,20,0.05,32.35
2026-06-14,/about,0,4,0,62.75
2026-06-14,/blog,0,12,0,48.08
2026-06-14,/blog/best-travel-apps-2025,0,20,0,16.25
2026-06-14,/blog/digital-nomad-organization,0,1,0,9
2026-06-14,/blog/frequent-flyer-tips,0,2,0,7.5
2026-06-14,/blog/hotel-cancellation-reminder-app-2026,0,5,0,5.2
2026-06-14,/blog/how-to-automatically-track-flights-2025,0,6,0,8.33
2026-06-14,/blog/privacy-and-security,0,1,0,4
2026-06-14,/blog/tripcase-alternative-2025,0,25,0,19.08
2026-06-14,/blog/tripcase-shutdown-what-now,0,56,0,10.41
2026-06-14,/blog/tripit-vs-tripcache-comparison-2025,0,9,0,21.22
2026-06-14,/pricing,0,1,0,1
2026-06-14,/privacy,0,3,0,6
2026-06-15,/,1,19,0.0526,41.32
2026-06-15,/about,0,4,0,22.75
2026-06-15,/blog,0,13,0,64.08
2026-06-15,/blog/best-travel-apps-2025,0,13,0,16.85
2026-06-15,/blog/digital-nomad-organization,0,1,0,8
2026-06-15,/blog/hotel-cancellation-reminder-app-2026,0,4,0,3.5
2026-06-15,/blog/how-to-automatically-track-flights-2025,0,1,0,10
2026-06-15,/blog/tripcase-alternative-2025,0,25,0,29.44
2026-06-15,/blog/tripcase-shutdown-what-now,0,53,0,11.43
2026-06-15,/pricing,1,2,0.5,1
2026-06-15,/privacy,0,2,0,1
2026-06-15,/terms,0,1,0,1
2026-06-16,/,0,33,0,34.76
2026-06-16,/,0,1,0,11
2026-06-16,/,0,1,0,11
2026-06-16,/about,0,1,0,87
2026-06-16,/blog,0,16,0,67
2026-06-16,/blog/best-travel-apps-2025,0,22,0,14.68
2026-06-16,/blog/hotel-cancellation-reminder-app-2026,0,3,0,8
2026-06-16,/blog/how-to-automatically-track-flights-2025,0,4,0,8.75
2026-06-16,/blog/privacy-and-security,0,3,0,9
2026-06-16,/blog/tripcase-alternative-2025,0,31,0,36.35
2026-06-16,/blog/tripcase-shutdown-what-now,0,60,0,16.47
2026-06-16,/blog/tripit-vs-tripcache-comparison-2025,0,7,0,11
2026-06-16,/pricing,0,2,0,6.5
2026-06-16,/privacy,0,1,0,2
2026-06-16,/terms,0,1,0,2
2026-06-17,/,0,18,0,15.89
2026-06-17,/about,0,6,0,32
2026-06-17,/blog,0,3,0,72.67
2026-06-17,/blog/best-travel-apps-2025,0,15,0,11.87
2026-06-17,/blog/digital-nomad-organization,0,2,0,9
2026-06-17,/blog/getting-started-with-tripcache,0,1,0,5
2026-06-17,/blog/how-to-automatically-track-flights-2025,0,23,0,6.09
2026-06-17,/blog/privacy-and-security,0,1,0,5
2026-06-17,/blog/tripcase-alternative-2025,0,13,0,23.31
2026-06-17,/blog/tripcase-shutdown-what-now,0,52,0,10.83
2026-06-17,/blog/tripit-vs-tripcache-comparison-2025,0,3,0,29.33
2026-06-17,/pricing,0,1,0,59
2026-06-18,/,1,15,0.0667,17.4
2026-06-18,/,0,1,0,2
2026-06-18,/,0,1,0,2
2026-06-18,/about,0,8,0,25.88
2026-06-18,/blog,0,7,0,34.14
2026-06-18,/blog/best-travel-apps-2025,0,17,0,16.71
2026-06-18,/blog/frequent-flyer-tips,0,1,0,1
2026-06-18,/blog/hotel-cancellation-reminder-app-2026,0,1,0,1
2026-06-18,/blog/privacy-and-security,0,2,0,6
2026-06-18,/blog/travel-expense-tracking,0,1,0,9
2026-06-18,/blog/tripcase-alternative-2025,0,14,0,24.79
2026-06-18,/blog/tripcase-shutdown-what-now,1,35,0.0286,9.14
2026-06-18,/blog/tripit-vs-tripcache-comparison-2025,0,1,0,13
2026-06-18,/pricing,0,7,0,12.43
2026-06-18,/privacy,0,2,0,8
2026-06-18,/terms,0,1,0,5
2026-06-19,/,1,15,0.0667,15.07
2026-06-19,/about,0,1,0,1
2026-06-19,/blog,0,3,0,27.33
2026-06-19,/blog/best-travel-apps-2025,0,13,0,17.15
2026-06-19,/blog/digital-nomad-organization,0,2,0,11
2026-06-19,/blog/getting-started-with-tripcache,0,2,0,7
2026-06-19,/blog/how-to-automatically-track-flights-2025,0,2,0,10
2026-06-19,/blog/privacy-and-security,0,5,0,8.2
2026-06-19,/blog/tripcase-alternative-2025,0,21,0,9.81
2026-06-19,/blog/tripcase-shutdown-what-now,0,20,0,7.95
2026-06-19,/blog/tripit-vs-tripcache-comparison-2025,0,3,0,9.67
2026-06-19,/pricing,0,3,0,7
2026-06-19,/privacy,0,1,0,1
2026-06-19,/terms,0,1,0,1
2026-06-20,/,1,26,0.0385,8.65
2026-06-20,/blog/best-travel-apps-2025,0,11,0,9.45
2026-06-20,/blog/privacy-and-security,0,4,0,9.5
2026-06-20,/blog/tripcase-alternative-2025,0,10,0,13.4
2026-06-20,/blog/tripcase-shutdown-what-now,1,37,0.027,10.78
2026-06-20,/blog/tripit-vs-tripcache-comparison-2025,0,3,0,47.67
2026-06-20,/pricing,0,1,0,8
2026-06-21,/,0,29,0,14.97
2026-06-21,/about,0,1,0,1
2026-06-21,/blog,0,5,0,55.8
2026-06-21,/blog/best-travel-apps-2025,0,12,0,9
2026-06-21,/blog/hotel-cancellation-reminder-app-2026,0,2,0,3.5
2026-06-21,/blog/how-to-automatically-track-flights-2025,0,4,0,18.75
2026-06-21,/blog/privacy-and-security,0,2,0,9
2026-06-21,/blog/tripcase-alternative-2025,0,15,0,17.13
2026-06-21,/blog/tripcase-shutdown-what-now,0,39,0,8.46
2026-06-21,/blog/tripit-vs-tripcache-comparison-2025,0,4,0,8.5
2026-06-21,/pricing,1,1,1,1
2026-06-21,/privacy,0,1,0,1
2026-06-22,/,0,15,0,5.6
2026-06-22,/about,0,3,0,7.67
2026-06-22,/blog,0,6,0,15.33
2026-06-22,/blog/best-travel-apps-2025,0,17,0,7.12
2026-06-22,/blog/digital-nomad-organization,0,1,0,8
2026-06-22,/blog/how-to-automatically-track-flights-2025,0,2,0,6
2026-06-22,/blog/privacy-and-security,0,1,0,8
2026-06-22,/blog/tripcase-alternative-2025,0,34,0,8.76
2026-06-22,/blog/tripcase-shutdown-what-now,1,32,0.0313,7.81
2026-06-22,/blog/tripit-vs-tripcache-comparison-2025,0,4,0,7.25
2026-06-22,/pricing,0,1,0,1
2026-06-22,/privacy,0,1,0,1
2026-06-23,/,2,27,0.0741,9.22
2026-06-23,/about,0,1,0,1
2026-06-23,/blog,0,8,0,35.63
2026-06-23,/blog/best-travel-apps-2025,0,20,0,18.85
2026-06-23,/blog/frequent-flyer-tips,0,1,0,9
2026-06-23,/blog/getting-started-with-tripcache,0,1,0,8
2026-06-23,/blog/hotel-cancellation-reminder-app-2026,0,1,0,10
2026-06-23,/blog/how-to-automatically-track-flights-2025,0,1,0,11
2026-06-23,/blog/privacy-and-security,0,1,0,7
2026-06-23,/blog/tripcase-alternative-2025,0,15,0,16.27
2026-06-23,/blog/tripcase-shutdown-what-now,2,29,0.069,8.14
2026-06-23,/blog/tripit-vs-tripcache-comparison-2025,0,6,0,20.67
2026-06-23,/pricing,0,1,0,1
2026-06-23,/terms,0,2,0,3.5
2026-06-24,/,1,22,0.0455,24.77
2026-06-24,/about,0,3,0,29.67
2026-06-24,/blog,0,5,0,38
2026-06-24,/blog/best-travel-apps-2025,0,10,0,9.4
2026-06-24,/blog/privacy-and-security,0,4,0,8.5
2026-06-24,/blog/tripcase-alternative-2025,0,13,0,25.08
2026-06-24,/blog/tripcase-shutdown-what-now,0,23,0,11
2026-06-24,/blog/tripit-vs-tripcache-comparison-2025,0,7,0,23.86
2026-06-24,/pricing,0,3,0,3
2026-06-24,/privacy,0,2,0,1
2026-06-25,/,1,17,0.0588,35.06
2026-06-25,/about,0,7,0,51.86
2026-06-25,/blog,0,11,0,65.45
2026-06-25,/blog/best-travel-apps-2025,1,6,0.1667,31.17
2026-06-25,/blog/hotel-cancellation-reminder-app-2026,0,5,0,2.8
2026-06-25,/blog/how-to-automatically-track-flights-2025,0,3,0,10
2026-06-25,/blog/privacy-and-security,0,1,0,10
2026-06-25,/blog/tripcase-alternative-2025,0,19,0,45.47
2026-06-25,/blog/tripcase-shutdown-what-now,0,45,0,10.38
2026-06-25,/blog/tripit-vs-tripcache-comparison-2025,0,9,0,22.56
2026-06-25,/features/cancellation-reminders,0,2,0,2
2026-06-25,/features/email-to-itinerary,0,2,0,2
2026-06-25,/pricing,0,4,0,13
2026-06-25,/privacy,0,3,0,3
2026-06-25,/tools/hotel-cancellation-deadline-calculator,0,2,0,2
2026-06-26,/,0,50,0,11.88
2026-06-26,/about,0,2,0,1
2026-06-26,/blog,1,10,0.1,44.9
2026-06-26,/blog/best-travel-apps-2025,1,22,0.0455,28.36
2026-06-26,/blog/frequent-flyer-tips,0,2,0,1
2026-06-26,/blog/hotel-cancellation-reminder-app-2026,0,28,0,3.71
2026-06-26,/blog/how-to-automatically-track-flights-2025,0,1,0,9
2026-06-26,/blog/tripcase-alternative-2025,0,23,0,22.83
2026-06-26,/blog/tripcase-shutdown-what-now,2,99,0.0202,12.44
2026-06-26,/blog/tripit-vs-tripcache-comparison-2025,0,9,0,7.89
2026-06-26,/pricing,0,2,0,1
2026-06-26,/privacy,0,2,0,1
2026-06-27,/,0,24,0,19.71
2026-06-27,/about,0,2,0,1
2026-06-27,/blog,0,1,0,1
2026-06-27,/blog/best-travel-apps-2025,0,8,0,20.25
2026-06-27,/blog/frequent-flyer-tips,0,1,0,1
2026-06-27,/blog/hotel-cancellation-reminder-app-2026,0,5,0,11.6
2026-06-27,/blog/how-to-automatically-track-flights-2025,0,2,0,8.5
2026-06-27,/blog/privacy-and-security,0,3,0,8
2026-06-27,/blog/tripcase-alternative-2025,0,13,0,12.77
2026-06-27,/blog/tripcase-shutdown-what-now,0,55,0,8.04
2026-06-27,/blog/tripit-vs-tripcache-comparison-2025,0,6,0,8
2026-06-27,/pricing,0,2,0,5.5
2026-06-27,/privacy,0,4,0,3.25
2026-06-28,/,1,52,0.0192,10.85
2026-06-28,/about,0,6,0,16.33
2026-06-28,/blog,0,10,0,26.7
2026-06-28,/blog/best-travel-apps-2025,0,27,0,13.07
2026-06-28,/blog/digital-nomad-organization,0,1,0,2
2026-06-28,/blog/getting-started-with-tripcache,0,2,0,2.5
2026-06-28,/blog/hotel-cancellation-reminder-app-2026,0,9,0,4.22
2026-06-28,/blog/how-to-automatically-track-flights-2025,0,3,0,8.67
2026-06-28,/blog/privacy-and-security,0,3,0,7.67
2026-06-28,/blog/tripcase-alternative-2025,0,31,0,11.52
2026-06-28,/blog/tripcase-shutdown-what-now,0,68,0,8.62
2026-06-28,/blog/tripit-vs-tripcache-comparison-2025,0,10,0,6.2
2026-06-28,/pricing,0,5,0,1.8
2026-06-28,/privacy,0,2,0,1
2026-06-29,/,0,28,0,22.39
2026-06-29,/about,0,1,0,83
2026-06-29,/blog,0,5,0,34.2
2026-06-29,/blog/best-travel-apps-2025,0,8,0,8.13
2026-06-29,/blog/hotel-cancellation-reminder-app-2026,0,6,0,5
2026-06-29,/blog/how-to-automatically-track-flights-2025,0,2,0,8
2026-06-29,/blog/tripcase-alternative-2025,0,19,0,16
2026-06-29,/blog/tripcase-shutdown-what-now,1,46,0.0217,8.63
2026-06-29,/blog/tripit-vs-tripcache-comparison-2025,0,4,0,9
2026-06-29,/pricing,0,1,0,7
2026-06-30,/,1,36,0.0278,16.08
2026-06-30,/about,0,4,0,25.25
2026-06-30,/blog,0,7,0,25.71
2026-06-30,/blog/best-travel-apps-2025,0,29,0,8.72
2026-06-30,/blog/digital-nomad-organization,0,1,0,2
2026-06-30,/blog/frequent-flyer-tips,0,1,0,9
2026-06-30,/blog/getting-started-with-tripcache,0,2,0,7
2026-06-30,/blog/hotel-cancellation-reminder-app-2026,0,2,0,5.5
2026-06-30,/blog/how-to-automatically-track-flights-2025,0,1,0,10
2026-06-30,/blog/privacy-and-security,0,3,0,5.33
2026-06-30,/blog/tripcase-alternative-2025,0,17,0,15.71
2026-06-30,/blog/tripcase-shutdown-what-now,1,60,0.0167,8.5
2026-06-30,/blog/tripit-vs-tripcache-comparison-2025,0,8,0,8.13
2026-06-30,/features/cancellation-reminders,0,3,0,4.67
2026-06-30,/features/email-to-itinerary,0,3,0,4.67
2026-06-30,/pricing,0,8,0,13.75
2026-06-30,/privacy,0,4,0,6
2026-06-30,/terms,0,2,0,7.5
2026-06-30,/tools/hotel-cancellation-deadline-calculator,0,3,0,4.67
2026-07-01,/,2,41,0.0488,29
2026-07-01,/about,0,8,0,64.5
2026-07-01,/blog,0,11,0,56.55
2026-07-01,/blog/best-travel-apps-2025,0,12,0,25
2026-07-01,/blog/hotel-cancellation-reminder-app-2026,0,1,0,5
2026-07-01,/blog/how-to-automatically-track-flights-2025,0,2,0,8.5
2026-07-01,/blog/privacy-and-security,0,1,0,11
2026-07-01,/blog/tripcase-alternative-2025,0,16,0,44.75
2026-07-01,/blog/tripcase-shutdown-what-now,2,59,0.0339,11.22
2026-07-01,/blog/tripit-vs-tripcache-comparison-2025,0,6,0,16.67
2026-07-01,/pricing,0,3,0,22.33
2026-07-01,/privacy,0,2,0,1
2026-07-02,/,3,45,0.0667,19.22
2026-07-02,/about,0,10,0,19.1
2026-07-02,/blog,0,14,0,38.43
2026-07-02,/blog/best-travel-apps-2025,0,8,0,14.38
2026-07-02,/blog/getting-started-with-tripcache,0,1,0,7
2026-07-02,/blog/hotel-cancellation-reminder-app-2026,0,8,0,3.38
2026-07-02,/blog/how-to-automatically-track-flights-2025,0,3,0,3.33
2026-07-02,/blog/privacy-and-security,0,1,0,10
2026-07-02,/blog/tripcase-alternative-2025,0,15,0,21.13
2026-07-02,/blog/tripcase-shutdown-what-now,0,44,0,9.23
2026-07-02,/blog/tripit-vs-tripcache-comparison-2025,0,7,0,21.43
2026-07-02,/features/cancellation-reminders,0,1,0,1
2026-07-02,/features/email-to-itinerary,0,1,0,1
2026-07-02,/pricing,0,10,0,3
2026-07-02,/privacy,0,2,0,4.5
2026-07-02,/tools/hotel-cancellation-deadline-calculator,0,1,0,1
2026-07-03,/,0,34,0,25.91
2026-07-03,/about,0,2,0,54.5
2026-07-03,/blog,0,4,0,75.25
2026-07-03,/blog/best-travel-apps-2025,0,8,0,17.88
2026-07-03,/blog/hotel-cancellation-reminder-app-2026,0,2,0,3
2026-07-03,/blog/how-to-automatically-track-flights-2025,0,3,0,6.33
2026-07-03,/blog/privacy-and-security,0,1,0,8
2026-07-03,/blog/tripcase-alternative-2025,0,5,0,14.2
2026-07-03,/blog/tripcase-shutdown-what-now,1,48,0.0208,7.79
2026-07-03,/features/cancellation-reminders,0,1,0,2
2026-07-03,/features/email-to-itinerary,0,1,0,2
2026-07-03,/pricing,0,1,0,2
2026-07-03,/privacy,0,1,0,8
2026-07-03,/terms,0,1,0,7
2026-07-03,/tools/hotel-cancellation-deadline-calculator,0,1,0,2
2026-07-04,/,1,26,0.0385,18
2026-07-04,/blog,0,7,0,35.14
2026-07-04,/blog/best-travel-apps-2025,0,10,0,7.1
2026-07-04,/blog/hotel-cancellation-reminder-app-2026,0,5,0,2.4
2026-07-04,/blog/privacy-and-security,0,3,0,9.33
2026-07-04,/blog/tripcase-alternative-2025,0,8,0,12.13
2026-07-04,/blog/tripcase-shutdown-what-now,0,55,0,7.78
2026-07-05,/,2,30,0.0667,18.43
2026-07-05,/about,0,4,0,44.25
2026-07-05,/blog,0,10,0,31.1
2026-07-05,/blog/best-travel-apps-2025,0,13,0,6.15
2026-07-05,/blog/hotel-cancellation-reminder-app-2026,0,5,0,2.4
2026-07-05,/blog/privacy-and-security,0,1,0,9
2026-07-05,/blog/tripcase-alternative-2025,0,8,0,25.38
2026-07-05,/blog/tripcase-shutdown-what-now,0,58,0,8.33
2026-07-05,/pricing,0,2,0,1
2026-07-05,/privacy,0,2,0,1
2026-07-05,/terms,0,1,0,1
2026-07-06,/,1,127,0.0079,13.74
2026-07-06,/about,0,5,0,76.2
2026-07-06,/blog,0,19,0,61.16
2026-07-06,/blog/best-travel-apps-2025,0,18,0,13.33
2026-07-06,/blog/hotel-cancellation-reminder-app-2026,0,3,0,4
2026-07-06,/blog/how-to-automatically-track-flights-2025,0,51,0,6.8
2026-07-06,/blog/privacy-and-security,0,1,0,6
2026-07-06,/blog/tripcase-alternative-2025,0,76,0,14.11
2026-07-06,/blog/tripcase-shutdown-what-now,2,223,0.009,7.9
2026-07-06,/blog/tripit-vs-tripcache-comparison-2025,0,2,0,9.5
2026-07-06,/features/cancellation-reminders,0,2,0,10
2026-07-06,/features/email-to-itinerary,0,2,0,10
2026-07-06,/pricing,0,2,0,10
2026-07-06,/tools/hotel-cancellation-deadline-calculator,0,2,0,10
2026-07-07,/,0,53,0,10.53
2026-07-07,/about,0,4,0,28.25
2026-07-07,/blog,0,11,0,20
2026-07-07,/blog/best-travel-apps-2025,0,11,0,16.45
2026-07-07,/blog/getting-started-with-tripcache,0,3,0,7.67
2026-07-07,/blog/hotel-cancellation-reminder-app-2026,0,1,0,1
2026-07-07,/blog/how-to-automatically-track-flights-2025,0,23,0,7.35
2026-07-07,/blog/privacy-and-security,0,2,0,6
2026-07-07,/blog/tripcase-alternative-2025,0,38,0,7.34
2026-07-07,/blog/tripcase-shutdown-what-now,0,117,0,7.3
2026-07-07,/blog/tripit-vs-tripcache-comparison-2025,0,9,0,13
2026-07-07,/features/cancellation-reminders,0,4,0,2
2026-07-07,/features/email-to-itinerary,0,4,0,2
2026-07-07,/pricing,0,10,0,4.6
2026-07-07,/privacy,0,6,0,5.5
2026-07-07,/terms,0,4,0,8
2026-07-07,/tools/hotel-cancellation-deadline-calculator,0,4,0,2
2026-07-08,/,1,36,0.0278,22.92
2026-07-08,/about,0,8,0,12
2026-07-08,/blog,0,9,0,24.67
2026-07-08,/blog/best-travel-apps-2025,0,21,0,8.67
2026-07-08,/blog/hotel-cancellation-reminder-app-2026,0,7,0,3
2026-07-08,/blog/privacy-and-security,0,3,0,4.33
2026-07-08,/blog/tripcase-alternative-2025,0,18,0,13.06
2026-07-08,/blog/tripcase-shutdown-what-now,0,81,0,7.91
2026-07-08,/blog/tripit-vs-tripcache-comparison-2025,0,3,0,7.33
2026-07-08,/pricing,1,4,0.25,1
2026-07-08,/privacy,0,3,0,4
2026-07-09,/,1,36,0.0278,19.06
2026-07-09,/about,0,4,0,68
2026-07-09,/blog,0,7,0,46.14
2026-07-09,/blog/best-travel-apps-2025,0,15,0,10.93
2026-07-09,/blog/hotel-cancellation-reminder-app-2026,0,5,0,4.8
2026-07-09,/blog/how-to-automatically-track-flights-2025,0,2,0,3
2026-07-09,/blog/tripcase-alternative-2025,3,63,0.0476,9.97
2026-07-09,/blog/tripcase-shutdown-what-now,1,158,0.0063,8.18
2026-07-09,/blog/tripit-vs-tripcache-comparison-2025,0,3,0,23.67
2026-07-09,/features/cancellation-reminders,0,1,0,9
2026-07-09,/features/email-to-itinerary,0,1,0,9
2026-07-09,/pricing,0,3,0,5.67
2026-07-09,/tools/hotel-cancellation-deadline-calculator,0,1,0,9
2026-07-10,/,1,19,0.0526,20.32
2026-07-10,/about,0,1,0,91
2026-07-10,/blog,0,10,0,50.4
2026-07-10,/blog/best-travel-apps-2025,0,8,0,14
2026-07-10,/blog/hotel-cancellation-reminder-app-2026,0,8,0,4.25
2026-07-10,/blog/how-to-automatically-track-flights-2025,0,1,0,11
2026-07-10,/blog/tripcase-alternative-2025,0,8,0,22.88
2026-07-10,/blog/tripcase-shutdown-what-now,2,75,0.0267,8.71
2026-07-10,/blog/tripit-vs-tripcache-comparison-2025,0,1,0,42
2026-07-10,/pricing,0,2,0,87
2026-07-11,/,1,29,0.0345,39.24
2026-07-11,/about,0,5,0,61
2026-07-11,/blog,0,20,0,51.7
2026-07-11,/blog/best-travel-apps-2025,0,26,0,32.65
2026-07-11,/blog/hotel-cancellation-reminder-app-2026,0,3,0,4.67
2026-07-11,/blog/how-to-automatically-track-flights-2025,0,3,0,6.33
2026-07-11,/blog/tripcase-alternative-2025,0,27,0,29.15
2026-07-11,/blog/tripcase-shutdown-what-now,0,70,0,12.31
2026-07-11,/blog/tripit-vs-tripcache-comparison-2025,0,11,0,43.55
2026-07-11,/pricing,0,11,0,76.64
2026-07-11,/privacy,0,3,0,10.67
2026-07-11,/terms,0,1,0,32
2026-07-12,/,1,32,0.0313,26.41
2026-07-12,/about,0,4,0,33.25
2026-07-12,/blog,0,15,0,54.33
2026-07-12,/blog/best-travel-apps-2025,0,37,0,29.08
2026-07-12,/blog/hotel-cancellation-reminder-app-2026,0,3,0,6.33
2026-07-12,/blog/how-to-automatically-track-flights-2025,0,1,0,8
2026-07-12,/blog/tripcase-alternative-2025,0,22,0,32.55
2026-07-12,/blog/tripcase-shutdown-what-now,0,65,0,11.45
2026-07-12,/blog/tripit-vs-tripcache-comparison-2025,0,16,0,55.56
2026-07-12,/pricing,0,6,0,63.17
2026-07-12,/privacy,0,1,0,1
2026-07-13,/,0,33,0,29.61
2026-07-13,/about,0,11,0,61.18
2026-07-13,/blog,0,19,0,45.63
2026-07-13,/blog/best-travel-apps-2025,0,36,0,26.25
2026-07-13,/blog/hotel-cancellation-reminder-app-2026,0,9,0,4.33
2026-07-13,/blog/how-to-automatically-track-flights-2025,0,1,0,4
2026-07-13,/blog/tripcase-alternative-2025,0,37,0,18.43
2026-07-13,/blog/tripcase-shutdown-what-now,0,92,0,9.38
2026-07-13,/blog/tripit-vs-tripcache-comparison-2025,0,4,0,52.5
2026-07-13,/features/business-travel-expenses,0,2,0,4
2026-07-13,/pricing,0,13,0,61.31
2026-07-13,/privacy,0,2,0,92
2026-07-13,/terms,0,2,0,50
2026-07-14,/,1,33,0.0303,27.76
2026-07-14,/about,0,4,0,61.5
2026-07-14,/blog,0,13,0,68.15
2026-07-14,/blog/best-travel-apps-2025,0,26,0,36.19
2026-07-14,/blog/hotel-cancellation-reminder-app-2026,0,3,0,5.67
2026-07-14,/blog/tripcase-alternative-2025,1,43,0.0233,15.44
2026-07-14,/blog/tripcase-shutdown-what-now,1,80,0.0125,9.21
2026-07-14,/blog/tripit-vs-tripcache-comparison-2025,0,8,0,31.13
2026-07-14,/features/business-travel-expenses,0,1,0,5
2026-07-14,/pricing,0,5,0,75.6
2026-07-14,/privacy,0,2,0,79.5
2026-07-14,/terms,0,1,0,74
2026-07-15,/,0,30,0,38.03
2026-07-15,/about,0,8,0,51
2026-07-15,/blog,0,15,0,61
2026-07-15,/blog/best-travel-apps-2025,0,25,0,33.48
2026-07-15,/blog/hotel-cancellation-reminder-app-2026,0,2,0,3.5
2026-07-15,/blog/tripcase-alternative-2025,1,25,0.04,20.04
2026-07-15,/blog/tripcase-shutdown-what-now,0,68,0,9.59
2026-07-15,/blog/tripit-vs-tripcache-comparison-2025,0,4,0,45
2026-07-15,/features/business-travel-expenses,0,2,0,44.5
2026-07-15,/pricing,0,5,0,63
2026-07-15,/privacy,0,2,0,5.5
2026-07-16,/,2,35,0.0571,31.34
2026-07-16,/about,0,7,0,34.43
2026-07-16,/blog,0,13,0,52.69
2026-07-16,/blog/best-travel-apps-2025,1,35,0.0286,33.57
2026-07-16,/blog/hotel-cancellation-reminder-app-2026,0,10,0,4
2026-07-16,/blog/tripcase-alternative-2025,1,20,0.05,20.05
2026-07-16,/blog/tripcase-shutdown-what-now,0,51,0,14.08
2026-07-16,/blog/tripit-vs-tripcache-comparison-2025,0,1,0,46
2026-07-16,/features,0,3,0,1
2026-07-16,/features/business-travel-expenses,0,4,0,1.75
2026-07-16,/pricing,0,9,0,52.11
2026-07-16,/privacy,0,1,0,1
2026-07-17,/,2,33,0.0606,22.12
2026-07-17,/about,0,3,0,67.67
2026-07-17,/blog,0,7,0,51.86
2026-07-17,/blog/best-travel-apps-2025,0,27,0,34.3
2026-07-17,/blog/hotel-cancellation-reminder-app-2026,0,8,0,4.5
2026-07-17,/blog/how-to-automatically-track-flights-2025,0,1,0,3
2026-07-17,/blog/tripcase-alternative-2025,0,16,0,21.19
2026-07-17,/blog/tripcase-shutdown-what-now,1,41,0.0244,9.88
2026-07-17,/blog/tripit-vs-tripcache-comparison-2025,0,4,0,36
2026-07-17,/features,0,1,0,92
2026-07-17,/pricing,1,4,0.25,55.25
2026-07-18,/,0,28,0,38.21
2026-07-18,/about,0,7,0,73
2026-07-18,/blog,0,28,0,54.14
2026-07-18,/blog/best-travel-apps-2025,0,20,0,29.5
2026-07-18,/blog/hotel-cancellation-reminder-app-2026,0,4,0,5.75
2026-07-18,/blog/how-to-automatically-track-flights-2025,0,3,0,10
2026-07-18,/blog/tripcase-alternative-2025,0,38,0,27.21
2026-07-18,/blog/tripcase-shutdown-what-now,0,64,0,13.63
2026-07-18,/blog/tripit-vs-tripcache-comparison-2025,0,9,0,36
2026-07-18,/features,0,3,0,68
2026-07-18,/pricing,0,8,0,80.88
2026-07-18,/privacy,0,1,0,96
2026-07-18,/terms,0,2,0,84
2026-07-19,/,0,31,0,21.65
2026-07-19,/about,0,2,0,67
2026-07-19,/blog,0,12,0,41.83
2026-07-19,/blog/best-travel-apps-2025,0,49,0,12.35
2026-07-19,/blog/hotel-cancellation-reminder-app-2026,0,5,0,4.4
2026-07-19,/blog/tripcase-alternative-2025,0,32,0,12.34
2026-07-19,/blog/tripcase-shutdown-what-now,2,65,0.0308,8.74
2026-07-19,/blog/tripit-vs-tripcache-comparison-2025,1,7,0.1429,15
2026-07-19,/features,0,1,0,84
2026-07-19,/features/business-travel-expenses,0,1,0,19
2026-07-19,/pricing,0,4,0,34.75
2026-07-20,/,1,25,0.04,26.04
2026-07-20,/_next/image,0,1,0,3
2026-07-20,/about,0,4,0,71.25
2026-07-20,/blog,0,9,0,59.89
2026-07-20,/blog/best-travel-apps-2025,0,107,0,9.82
2026-07-20,/blog/hotel-cancellation-reminder-app-2026,0,3,0,3.33
2026-07-20,/blog/tripcase-alternative-2025,0,34,0,7.35
2026-07-20,/blog/tripcase-shutdown-what-now,2,107,0.0187,7.97
2026-07-20,/blog/tripit-vs-tripcache-comparison-2025,0,16,0,14.06
2026-07-20,/features,0,2,0,90
2026-07-20,/features/business-travel-expenses,0,3,0,29.67
2026-07-20,/pricing,0,5,0,41.8
2026-07-20,/privacy,0,1,0,86
2026-07-20,/terms,0,2,0,87
2026-07-21,/,0,31,0,23.48
2026-07-21,/about,0,3,0,75
2026-07-21,/blog,0,15,0,40.73
2026-07-21,/blog/best-travel-apps-2025,0,118,0,9.22
2026-07-21,/blog/hotel-cancellation-reminder-app-2026,0,3,0,2.33
2026-07-21,/blog/tripcase-alternative-2025,0,22,0,6.86
2026-07-21,/blog/tripcase-shutdown-what-now,0,88,0,7.95
2026-07-21,/blog/tripit-vs-tripcache-comparison-2025,0,14,0,9.5
2026-07-21,/features,0,2,0,50.5
2026-07-21,/features/business-travel-expenses,0,1,0,17
2026-07-21,/pricing,0,5,0,45.4
2026-07-22,/,0,26,0,23.81
2026-07-22,/about,0,4,0,50.5
2026-07-22,/blog,0,9,0,41.22
2026-07-22,/blog/best-travel-apps-2025,1,125,0.008,8.34
2026-07-22,/blog/hotel-cancellation-reminder-app-2026,0,4,0,7.5
2026-07-22,/blog/how-to-automatically-track-flights-2025,0,2,0,15
2026-07-22,/blog/tripcase-alternative-2025,1,27,0.037,8.59
2026-07-22,/blog/tripcase-shutdown-what-now,1,94,0.0106,8.54
2026-07-22,/blog/tripit-vs-tripcache-comparison-2025,0,13,0,11.54
2026-07-22,/features,0,1,0,8
2026-07-22,/features/business-travel-expenses,0,1,0,10
2026-07-22,/pricing,0,4,0,34.75
2026-07-22,/privacy,0,1,0,6
2026-07-22,/terms,0,1,0,5
2026-07-23,/,2,24,0.0833,22.33
2026-07-23,/_next/image,0,1,0,4
2026-07-23,/about,0,3,0,43
2026-07-23,/blog,0,10,0,49.4
2026-07-23,/blog/best-travel-apps-2025,0,110,0,9.36
2026-07-23,/blog/hotel-cancellation-reminder-app-2026,0,2,0,3
2026-07-23,/blog/tripcase-alternative-2025,1,19,0.0526,6.58
2026-07-23,/blog/tripcase-shutdown-what-now,1,94,0.0106,7.65
2026-07-23,/blog/tripit-vs-tripcache-comparison-2025,1,20,0.05,11.25
2026-07-23,/features/business-travel-expenses,0,3,0,6
2026-07-23,/pricing,0,3,0,42.33
2026-07-24,/,0,25,0,35.32
2026-07-24,/about,0,3,0,73.33
2026-07-24,/blog,0,16,0,43.69
2026-07-24,/blog/best-travel-apps-2025,0,184,0,7.9
2026-07-24,/blog/hotel-cancellation-reminder-app-2026,0,2,0,1.5
2026-07-24,/blog/tripcase-alternative-2025,0,24,0,10.54
2026-07-24,/blog/tripcase-shutdown-what-now,0,104,0,8.9
2026-07-24,/blog/tripit-vs-tripcache-comparison-2025,0,16,0,12.44
2026-07-24,/features/business-travel-expenses,0,2,0,84
2026-07-24,/pricing,0,7,0,76.43
2026-07-24,/privacy,0,2,0,50.5
2026-07-24,/terms,0,2,0,86.5
2026-07-25,/,0,22,0,41.36
2026-07-25,/about,0,4,0,78.75
2026-07-25,/blog,0,11,0,61.18
2026-07-25,/blog/best-travel-apps-2025,0,118,0,10.69
2026-07-25,/blog/hotel-cancellation-reminder-app-2026,0,4,0,4.25
2026-07-25,/blog/tripcase-alternative-2025,1,20,0.05,12.5
2026-07-25,/blog/tripcase-shutdown-what-now,0,77,0,8.36
2026-07-25,/blog/tripit-vs-tripcache-comparison-2025,0,20,0,10.8
2026-07-25,/features/business-travel-expenses,0,4,0,9
2026-07-25,/pricing,0,4,0,76.5
2026-07-25,/privacy,0,2,0,80
2026-07-25,/terms,0,2,0,80.5
2026-07-26,/,0,28,0,27.07
2026-07-26,/about,0,4,0,77.75
2026-07-26,/blog,0,9,0,45.56
2026-07-26,/blog/best-travel-apps-2025,0,109,0,8.1
2026-07-26,/blog/hotel-cancellation-reminder-app-2026,0,11,0,4.55
2026-07-26,/blog/tripcase-alternative-2025,0,17,0,10.47
2026-07-26,/blog/tripcase-shutdown-what-now,1,62,0.0161,7.92
2026-07-26,/blog/tripit-vs-tripcache-comparison-2025,0,30,0,11.13
2026-07-26,/features/business-travel-expenses,0,2,0,9
2026-07-26,/pricing,0,4,0,54.75
2026-07-27,/,1,31,0.0323,13.84
2026-07-27,/about,0,4,0,56.25
2026-07-27,/blog,0,6,0,41.33
2026-07-27,/blog/best-travel-apps-2025,0,137,0,7.56
2026-07-27,/blog/digital-nomad-organization,0,1,0,10
2026-07-27,/blog/hotel-cancellation-reminder-app-2026,0,10,0,5.1
2026-07-27,/blog/tripcase-alternative-2025,0,19,0,9.05
2026-07-27,/blog/tripcase-shutdown-what-now,1,71,0.0141,7.48
2026-07-27,/blog/tripit-vs-tripcache-comparison-2025,0,21,0,11.67
2026-07-27,/features,0,1,0,2
2026-07-27,/features/business-travel-expenses,0,2,0,7
2026-07-27,/pricing,0,6,0,37.83
2026-07-27,/terms,0,1,0,10
2026-07-28,/,2,20,0.1,31.85
2026-07-28,/about,0,7,0,44.14
2026-07-28,/blog,0,11,0,42.55
2026-07-28,/blog/best-travel-apps-2025,0,123,0,10.09
2026-07-28,/blog/hotel-cancellation-reminder-app-2026,0,7,0,4.71
2026-07-28,/blog/trip-expense-management-app-2026,0,2,0,5.5
2026-07-28,/blog/tripcase-alternative-2025,0,30,0,8.3
2026-07-28,/blog/tripcase-shutdown-what-now,1,83,0.012,7.48
2026-07-28,/blog/tripit-vs-tripcache-comparison-2025,0,15,0,16.87
2026-07-28,/features/business-travel-expenses,0,5,0,11.8
2026-07-28,/pricing,0,6,0,49.17
2026-07-28,/privacy,0,3,0,46
2026-07-28,/terms,0,1,0,83
2026-07-29,/,1,46,0.0217,33.98
2026-07-29,/about,0,12,0,69.75
2026-07-29,/blog,0,28,0,55.82
2026-07-29,/blog/best-travel-apps-2025,1,186,0.0054,12.89
2026-07-29,/blog/hotel-cancellation-reminder-app-2026,0,8,0,4.13
2026-07-29,/blog/trip-expense-management-app-2026,0,1,0,1
2026-07-29,/blog/tripcase-alternative-2025,0,26,0,11
2026-07-29,/blog/tripcase-shutdown-what-now,0,151,0,10.42
2026-07-29,/blog/tripit-vs-tripcache-comparison-2025,0,33,0,16.33
2026-07-29,/features/business-travel-expenses,0,6,0,30.33
2026-07-29,/pricing,0,9,0,60.56
2026-07-29,/privacy,0,4,0,35.75
2026-07-29,/terms,0,2,0,68
2026-07-30,/,0,25,0,23.92
2026-07-30,/about,0,6,0,37
2026-07-30,/blog,0,11,0,49
2026-07-30,/blog/best-travel-apps-2025,3,137,0.0219,10.72
2026-07-30,/blog/hotel-cancellation-reminder-app-2026,0,11,0,4
2026-07-30,/blog/trip-expense-management-app-2026,0,2,0,4.5
2026-07-30,/blog/tripcase-alternative-2025,1,26,0.0385,9.46
2026-07-30,/blog/tripcase-shutdown-what-now,0,60,0,9.2
2026-07-30,/blog/tripit-vs-tripcache-comparison-2025,0,21,0,12
2026-07-30,/features/business-travel-expenses,0,2,0,5
2026-07-30,/pricing,0,4,0,49.5
2026-07-30,/privacy,0,1,0,10
2026-07-31,/,0,32,0,21.34
2026-07-31,/about,0,5,0,42.2
2026-07-31,/blog,0,8,0,62.5
2026-07-31,/blog/best-travel-apps-2025,1,174,0.0057,9.97
2026-07-31,/blog/hotel-cancellation-reminder-app-2026,0,4,0,5
2026-07-31,/blog/tripcase-alternative-2025,0,33,0,9.39
2026-07-31,/blog/tripcase-shutdown-what-now,0,63,0,9.43
2026-07-31,/blog/tripit-vs-tripcache-comparison-2025,0,20,0,12.55
2026-07-31,/features/business-travel-expenses,0,1,0,4
2026-07-31,/pricing,0,4,0,49.25
2026-07-31,/privacy,0,1,0,10
2026-08-01,/,1,22,0.0455,40.5
2026-08-01,/about,0,6,0,40.17
2026-08-01,/blog,0,13,0,52.69
2026-08-01,/blog/best-travel-apps-2025,1,170,0.0059,7.54
2026-08-01,/blog/hotel-cancellation-reminder-app-2026,0,7,0,6.14
2026-08-01,/blog/trip-expense-management-app-2026,0,1,0,1
2026-08-01,/blog/tripcase-alternative-2025,0,38,0,12.08
2026-08-01,/blog/tripcase-shutdown-what-now,0,52,0,10.17
2026-08-01,/blog/tripit-vs-tripcache-comparison-2025,0,18,0,18.11
2026-08-01,/features/business-travel-expenses,0,7,0,13.14
2026-08-01,/features/cancellation-reminders,0,1,0,2
2026-08-01,/features/email-to-itinerary,0,1,0,2
2026-08-01,/pricing,0,8,0,60.88
2026-08-01,/tools/hotel-cancellation-deadline-calculator,0,1,0,2
2026-08-02,/,0,22,0,39.86
2026-08-02,/about,0,6,0,80.33
2026-08-02,/blog,0,18,0,54.22
2026-08-02,/blog/best-travel-apps-2025,1,166,0.006,7.5
2026-08-02,/blog/hotel-cancellation-reminder-app-2026,0,9,0,6
2026-08-02,/blog/tripcase-alternative-2025,0,39,0,15.54
2026-08-02,/blog/tripcase-shutdown-what-now,0,74,0,9.36
2026-08-02,/blog/tripit-vs-tripcache-comparison-2025,0,19,0,15
2026-08-02,/features/business-travel-expenses,0,3,0,31.67
2026-08-02,/pricing,0,8,0,71.25
2026-08-02,/privacy,0,1,0,48
2026-08-02,/terms,0,1,0,88
2026-08-03,/,0,24,0,28.29
2026-08-03,/about,0,1,0,67
2026-08-03,/blog,0,8,0,59
2026-08-03,/blog/best-travel-apps-2025,0,166,0,8.86
2026-08-03,/blog/hotel-cancellation-reminder-app-2026,0,5,0,4.4
2026-08-03,/blog/tripcase-alternative-2025,0,22,0,16.91
2026-08-03,/blog/tripcase-shutdown-what-now,3,73,0.0411,7.77
2026-08-03,/blog/tripit-vs-tripcache-comparison-2025,0,19,0,13.16
2026-08-03,/features/business-travel-expenses,0,3,0,11
2026-08-03,/pricing,0,6,0,46.33
2026-08-04,/,2,32,0.0625,25.38
2026-08-04,/about,0,10,0,32.5
2026-08-04,/blog,0,18,0,38.17
2026-08-04,/blog/best-travel-apps-2025,0,221,0,8.38
2026-08-04,/blog/hotel-cancellation-reminder-app-2026,0,10,0,4.9
2026-08-04,/blog/trip-expense-management-app-2026,0,1,0,10
2026-08-04,/blog/tripcase-alternative-2025,0,32,0,11.47
2026-08-04,/blog/tripcase-shutdown-what-now,0,93,0,7.58
2026-08-04,/blog/tripit-vs-tripcache-comparison-2025,0,23,0,14.83
2026-08-04,/features/business-travel-expenses,0,2,0,5.5
2026-08-04,/features/cancellation-reminders,0,2,0,2
2026-08-04,/features/email-to-itinerary,0,2,0,2
2026-08-04,/pricing,0,13,0,25.15
2026-08-04,/privacy,0,5,0,1.8
2026-08-04,/tools/hotel-cancellation-deadline-calculator,0,2,0,2
2026-08-05,/,0,32,0,33.72
2026-08-05,/about,0,7,0,66.71
2026-08-05,/blog,0,18,0,52.56
2026-08-05,/blog/best-travel-apps-2025,0,188,0,10.21
2026-08-05,/blog/hotel-cancellation-reminder-app-2026,0,3,0,8
2026-08-05,/blog/trip-expense-management-app-2026,0,1,0,5
2026-08-05,/blog/tripcase-alternative-2025,0,35,0,12.17
2026-08-05,/blog/tripcase-shutdown-what-now,0,94,0,9.24
2026-08-05,/blog/tripit-vs-tripcache-comparison-2025,0,25,0,13.92
2026-08-05,/features/business-travel-expenses,0,5,0,10
2026-08-05,/pricing,0,9,0,55.33
2026-08-05,/privacy,0,1,0,1
2026-08-06,/,0,21,0,37.33
2026-08-06,/about,0,2,0,89
2026-08-06,/blog,0,11,0,57.55
2026-08-06,/blog/best-travel-apps-2025,0,186,0,9.86
2026-08-06,/blog/hotel-cancellation-reminder-app-2026,0,12,0,3
2026-08-06,/blog/trip-expense-management-app-2026,0,2,0,9
2026-08-06,/blog/tripcase-alternative-2025,0,34,0,11.21
2026-08-06,/blog/tripcase-shutdown-what-now,0,80,0,8.76
2026-08-06,/blog/tripit-vs-tripcache-comparison-2025,0,22,0,11.68
2026-08-06,/features/business-travel-expenses,0,2,0,34
2026-08-06,/pricing,0,3,0,31.33
2026-08-06,/terms,0,1,0,9
2026-08-07,/,0,22,0,37.82
2026-08-07,/about,0,2,0,38.5
2026-08-07,/blog,0,11,0,56.73
2026-08-07,/blog/best-travel-apps-2025,0,173,0,10.26
2026-08-07,/blog/hotel-cancellation-reminder-app-2026,0,6,0,3.5
2026-08-07,/blog/trip-expense-management-app-2026,0,1,0,8
2026-08-07,/blog/tripcase-alternative-2025,0,27,0,12.19
2026-08-07,/blog/tripcase-shutdown-what-now,0,55,0,10.65
2026-08-07,/blog/tripit-vs-tripcache-comparison-2025,0,13,0,15.23
2026-08-07,/features/business-travel-expenses,0,4,0,33
2026-08-07,/pricing,0,5,0,64.6
2026-08-07,/privacy,0,1,0,96
2026-08-07,/terms,0,1,0,99
2026-08-08,/,0,18,0,42.28
2026-08-08,/about,0,4,0,78.75
2026-08-08,/blog,0,11,0,52.82
2026-08-08,/blog/best-travel-apps-2025,0,125,0,9.26
2026-08-08,/blog/hotel-cancellation-reminder-app-2026,0,5,0,3.8
2026-08-08,/blog/tripcase-alternative-2025,0,13,0,10.38
2026-08-08,/blog/tripcase-shutdown-what-now,0,62,0,11.69
2026-08-08,/blog/tripit-vs-tripcache-comparison-2025,0,21,0,15.19
2026-08-08,/features/business-travel-expenses,0,2,0,84.5
2026-08-08,/pricing,0,6,0,53.17
2026-08-08,/terms,0,2,0,85
2026-08-09,/,0,21,0,46.43
2026-08-09,/about,0,7,0,51.14
2026-08-09,/blog,0,12,0,53.92
2026-08-09,/blog/best-travel-apps-2025,0,162,0,9.17
2026-08-09,/blog/hotel-cancellation-reminder-app-2026,0,5,0,3.6
2026-08-09,/blog/tripcase-alternative-2025,0,17,0,11.65
2026-08-09,/blog/tripcase-shutdown-what-now,0,61,0,9.02
2026-08-09,/blog/tripit-vs-tripcache-comparison-2025,0,14,0,16.64
2026-08-09,/features/business-travel-expenses,0,2,0,86
2026-08-09,/pricing,0,8,0,52.75
2026-08-09,/privacy,0,1,0,92
2026-08-09,/terms,0,2,0,89
2026-08-10,/,1,20,0.05,35.7
2026-08-10,/about,0,8,0,60.38
2026-08-10,/blog,0,19,0,47.68
2026-08-10,/blog/best-travel-apps-2025,0,166,0,8.22
2026-08-10,/blog/digital-nomad-organization,0,1,0,10
2026-08-10,/blog/hotel-cancellation-reminder-app-2026,0,10,0,5.9
2026-08-10,/blog/trip-expense-management-app-2026,0,4,0,3
2026-08-10,/blog/tripcase-alternative-2025,0,30,0,10.47
2026-08-10,/blog/tripcase-shutdown-what-now,0,67,0,9.97
2026-08-10,/blog/tripit-vs-tripcache-comparison-2025,0,22,0,15.64
2026-08-10,/features/business-travel-expenses,0,4,0,8
2026-08-10,/pricing,0,9,0,61.22
2026-08-10,/privacy,0,1,0,10
2026-08-11,/,0,37,0,31.73
2026-08-11,/about,0,4,0,83.25
2026-08-11,/blog,0,17,0,50.18
2026-08-11,/blog/best-travel-apps-2025,0,163,0,9.69
2026-08-11,/blog/hotel-cancellation-reminder-app-2026,0,13,0,4.15
2026-08-11,/blog/tripcase-alternative-2025,0,17,0,9.47
2026-08-11,/blog/tripcase-shutdown-what-now,0,83,0,9.82
2026-08-11,/blog/tripit-vs-tripcache-comparison-2025,0,10,0,13.9
2026-08-11,/pricing,0,5,0,79.8
2026-08-11,/terms,0,1,0,67
2026-08-12,/,0,31,0,32.42
2026-08-12,/about,0,2,0,48
2026-08-12,/blog,0,19,0,39
2026-08-12,/blog/best-travel-apps-2025,0,133,0,10.31
2026-08-12,/blog/best-tripit-alternatives-2026,0,12,0,14.5
2026-08-12,/blog/hotel-cancellation-reminder-app-2026,0,13,0,3.77
2026-08-12,/blog/trip-expense-management-app-2026,0,4,0,6
2026-08-12,/blog/tripcase-alternative-2025,0,22,0,13.73
2026-08-12,/blog/tripcase-shutdown-what-now,0,65,0,9.72
2026-08-12,/blog/tripit-vs-tripcache-comparison-2025,0,12,0,11.67
2026-08-12,/features/business-travel-expenses,0,3,0,6.33
2026-08-12,/features/cancellation-reminders,0,1,0,2
2026-08-12,/features/email-to-itinerary,0,1,0,2
2026-08-12,/pricing,0,6,0,40.17
2026-08-12,/privacy,0,1,0,9
2026-08-12,/tools/hotel-cancellation-deadline-calculator,0,1,0,2
2026-08-13,/,1,34,0.0294,30.88
2026-08-13,/about,0,4,0,62.25
2026-08-13,/blog,0,12,0,54.92
2026-08-13,/blog/best-travel-apps-2025,0,139,0,9.63
2026-08-13,/blog/best-tripit-alternatives-2026,0,10,0,26.2
2026-08-13,/blog/digital-nomad-organization,0,1,0,7
2026-08-13,/blog/hotel-cancellation-reminder-app-2026,0,8,0,4.75
2026-08-13,/blog/tripcase-alternative-2025,0,18,0,9.67
2026-08-13,/blog/tripcase-shutdown-what-now,0,60,0,8.7
2026-08-13,/blog/tripit-vs-tripcache-comparison-2025,0,13,0,12
2026-08-13,/pricing,0,8,0,61
2026-08-13,/privacy,0,1,0,69
2026-08-13,/terms,0,1,0,70
2026-08-14,/,1,21,0.0476,34.76
2026-08-14,/alternatives/tripcase,0,3,0,38.33
2026-08-14,/blog,0,10,0,57.7
2026-08-14,/blog/best-travel-apps-2025,0,160,0,8.32
2026-08-14,/blog/best-tripit-alternatives-2026,0,14,0,14.71
2026-08-14,/blog/hotel-cancellation-reminder-app-2026,0,8,0,6.63
2026-08-14,/blog/trip-expense-management-app-2026,1,2,0.5,32.5
2026-08-14,/blog/tripcase-alternative-2025,0,19,0,10.68
2026-08-14,/blog/tripcase-shutdown-what-now,0,82,0,10.46
2026-08-14,/blog/tripit-vs-tripcache-comparison-2025,0,6,0,12.33
2026-08-14,/features/business-travel-expenses,0,1,0,6
2026-08-15,/,0,23,0,31.35
2026-08-15,/about,0,4,0,53.75
2026-08-15,/alternatives/tripcase,0,4,0,34.5
2026-08-15,/blog,0,11,0,56.55
2026-08-15,/blog/best-travel-apps-2025,0,573,0,2.44
2026-08-15,/blog/best-tripit-alternatives-2026,0,15,0,15.6
2026-08-15,/blog/hotel-cancellation-reminder-app-2026,0,20,0,4.8
2026-08-15,/blog/tripcase-alternative-2025,0,21,0,12.48
2026-08-15,/blog/tripcase-shutdown-what-now,0,55,0,7.58
2026-08-15,/blog/tripit-vs-tripcache-comparison-2025,0,6,0,11.67
2026-08-15,/features/business-travel-expenses,0,2,0,28.5
2026-08-15,/pricing,0,5,0,18.4
2026-08-15,/privacy,0,2,0,5.5
2026-08-15,/terms,0,1,0,67
2026-08-16,/,2,33,0.0606,28.18
2026-08-16,/about,0,5,0,19.4
2026-08-16,/alternatives/tripcase,0,8,0,47.13
2026-08-16,/blog,0,17,0,40.82
2026-08-16,/blog/ai-travel-organizer-app-2026,0,1,0,2
2026-08-16,/blog/best-travel-apps-2025,0,158,0,7.49
2026-08-16,/blog/best-tripit-alternatives-2026,0,17,0,15.24
2026-08-16,/blog/digital-nomad-organization,0,1,0,10
2026-08-16,/blog/hotel-cancellation-reminder-app-2026,0,18,0,4.44
2026-08-16,/blog/trip-expense-management-app-2026,0,1,0,5
2026-08-16,/blog/tripcase-alternative-2025,0,45,0,16.82
2026-08-16,/blog/tripcase-shutdown-what-now,0,51,0,9.53
2026-08-16,/blog/tripit-vs-tripcache-comparison-2025,0,11,0,11.45
2026-08-16,/features/business-travel-expenses,0,5,0,21.4
2026-08-16,/pricing,0,5,0,45.8
2026-08-16,/privacy,0,1,0,10
2026-08-16,/terms,0,1,0,94
2026-08-17,/,0,27,0,29.67
2026-08-17,/about,0,5,0,20.6
2026-08-17,/alternatives/tripcase,0,3,0,54.67
2026-08-17,/blog,0,14,0,39.64
2026-08-17,/blog/ai-travel-organizer-app-2026,0,20,0,8.75
2026-08-17,/blog/best-travel-apps-2025,1,197,0.0051,7.39
2026-08-17,/blog/best-travel-document-organizer-app-2026,0,6,0,6.83
2026-08-17,/blog/best-tripit-alternatives-2026,0,17,0,18.18
2026-08-17,/blog/business-travel-expense-reporting-app-2026,0,3,0,6.33
2026-08-17,/blog/hotel-cancellation-reminder-app-2026,0,12,0,9.83
2026-08-17,/blog/organize-travel-confirmation-emails-2026,0,7,0,9.57
2026-08-17,/blog/privacy-and-security,0,1,0,1
2026-08-17,/blog/tripcase-alternative-2025,0,38,0,9.61
2026-08-17,/blog/tripcase-shutdown-what-now,0,91,0,9.76
2026-08-17,/blog/tripit-vs-tripcache-comparison-2025,0,17,0,13.88
2026-08-17,/features/business-travel-expenses,0,9,0,14.44
2026-08-17,/pricing,0,6,0,11.67
2026-08-17,/terms,0,2,0,78
2026-08-18,/,0,35,0,37.09
2026-08-18,/about,0,5,0,63
2026-08-18,/alternatives/tripcase,0,12,0,67.25
2026-08-18,/blog,0,15,0,39.13
2026-08-18,/blog/ai-travel-organizer-app-2026,0,21,0,8.29
2026-08-18,/blog/best-travel-apps-2025,1,224,0.0045,8.85
2026-08-18,/blog/best-travel-document-organizer-app-2026,0,15,0,13.67
2026-08-18,/blog/best-tripit-alternatives-2026,0,16,0,12.5
2026-08-18,/blog/business-travel-expense-reporting-app-2026,0,7,0,14.43
2026-08-18,/blog/hotel-cancellation-reminder-app-2026,0,20,0,2.35
2026-08-18,/blog/organize-travel-confirmation-emails-2026,0,17,0,11.94
2026-08-18,/blog/privacy-and-security,0,3,0,13
2026-08-18,/blog/tripcase-alternative-2025,0,31,0,11.1
2026-08-18,/blog/tripcase-shutdown-what-now,2,114,0.0175,11.04
2026-08-18,/blog/tripit-vs-tripcache-comparison-2025,0,9,0,9.67
2026-08-18,/features,0,2,0,4
2026-08-18,/features/business-travel-expenses,0,4,0,3
2026-08-18,/pricing,0,4,0,39.5
2026-08-18,/terms,0,2,0,72
2026-08-19,/,3,31,0.0968,32.06
2026-08-19,/about,0,11,0,28
2026-08-19,/alternatives/tripcase,0,7,0,54.57
2026-08-19,/blog,0,15,0,32.47
2026-08-19,/blog/ai-travel-organizer-app-2026,0,21,0,6.81
2026-08-19,/blog/best-travel-apps-2025,2,417,0.0048,5.59
2026-08-19,/blog/best-travel-document-organizer-app-2026,0,6,0,8.67
2026-08-19,/blog/best-tripit-alternatives-2026,0,12,0,9.08
2026-08-19,/blog/business-travel-expense-reporting-app-2026,0,5,0,6.2
2026-08-19,/blog/hotel-cancellation-reminder-app-2026,0,10,0,5.9
2026-08-19,/blog/organize-travel-confirmation-emails-2026,0,15,0,7.2
2026-08-19,/blog/trip-expense-management-app-2026,0,1,0,10
2026-08-19,/blog/tripcase-alternative-2025,0,32,0,9.59
2026-08-19,/blog/tripcase-shutdown-what-now,1,106,0.0094,6.81
2026-08-19,/blog/tripit-vs-tripcache-comparison-2025,0,9,0,9.33
2026-08-19,/features/business-travel-expenses,0,6,0,1
2026-08-19,/pricing,0,7,0,7.71
2026-08-19,/privacy,0,3,0,7
2026-08-19,/terms,0,1,0,68
2026-08-20,/,2,21,0.0952,44.1
2026-08-20,/about,0,6,0,46.17
2026-08-20,/alternatives/tripcase,0,8,0,62.63
2026-08-20,/blog,0,20,0,40.7
2026-08-20,/blog/ai-travel-organizer-app-2026,1,15,0.0667,23.93
2026-08-20,/blog/best-travel-apps-2025,0,323,0,6.06
2026-08-20,/blog/best-travel-document-organizer-app-2026,0,19,0,7.21
2026-08-20,/blog/best-tripit-alternatives-2026,0,3,0,9.33
2026-08-20,/blog/business-travel-expense-reporting-app-2026,0,5,0,21.8
2026-08-20,/blog/hotel-cancellation-reminder-app-2026,0,3,0,6.67
2026-08-20,/blog/organize-travel-confirmation-emails-2026,0,17,0,13.76
2026-08-20,/blog/privacy-and-security,0,1,0,11
2026-08-20,/blog/tripcase-alternative-2025,1,41,0.0244,15.27
2026-08-20,/blog/tripcase-shutdown-what-now,2,93,0.0215,7.8
2026-08-20,/blog/tripit-vs-tripcache-comparison-2025,1,12,0.0833,12.42
2026-08-20,/features/business-travel-expenses,0,2,0,1
2026-08-20,/pricing,0,12,0,37.17
2026-08-21,/,0,21,0,34.38
2026-08-21,/alternatives/tripcase,0,5,0,62.6
2026-08-21,/blog,0,11,0,40.73
2026-08-21,/blog/ai-travel-organizer-app-2026,0,12,0,6.92
2026-08-21,/blog/best-travel-apps-2025,0,226,0,8.15
2026-08-21,/blog/best-travel-document-organizer-app-2026,0,12,0,9.25
2026-08-21,/blog/best-tripit-alternatives-2026,0,6,0,8.67
2026-08-21,/blog/business-travel-expense-reporting-app-2026,0,5,0,21.6
2026-08-21,/blog/hotel-cancellation-reminder-app-2026,0,15,0,6.13
2026-08-21,/blog/organize-travel-confirmation-emails-2026,0,17,0,7.88
2026-08-21,/blog/privacy-and-security,0,12,0,6.92
2026-08-21,/blog/tripcase-alternative-2025,0,22,0,11
2026-08-21,/blog/tripcase-shutdown-what-now,0,76,0,8.34
2026-08-21,/blog/tripit-vs-tripcache-comparison-2025,0,4,0,10.5
2026-08-21,/features/business-travel-expenses,0,1,0,1
2026-08-21,/pricing,0,2,0,43.5
2026-08-22,/,1,21,0.0476,47.62
2026-08-22,/about,0,5,0,54
2026-08-22,/alternatives/tripcase,0,5,0,57.8
2026-08-22,/blog,0,10,0,30.9
2026-08-22,/blog/ai-travel-organizer-app-2026,0,21,0,7.86
2026-08-22,/blog/best-travel-apps-2025,0,187,0,7.35
2026-08-22,/blog/best-travel-document-organizer-app-2026,0,7,0,7.71
2026-08-22,/blog/best-tripit-alternatives-2026,0,10,0,6.1
2026-08-22,/blog/business-travel-expense-reporting-app-2026,0,6,0,31
2026-08-22,/blog/digital-nomad-organization,0,2,0,7.5
2026-08-22,/blog/hotel-cancellation-reminder-app-2026,0,3,0,3.67
2026-08-22,/blog/organize-travel-confirmation-emails-2026,0,11,0,13.27
2026-08-22,/blog/privacy-and-security,0,5,0,8.6
2026-08-22,/blog/trip-expense-management-app-2026,0,1,0,5
2026-08-22,/blog/tripcase-alternative-2025,0,28,0,7.32
2026-08-22,/blog/tripcase-shutdown-what-now,2,88,0.0227,12.23
2026-08-22,/blog/tripit-vs-tripcache-comparison-2025,0,11,0,15.18
2026-08-22,/features/business-travel-expenses,0,7,0,16.57
2026-08-22,/pricing,0,6,0,25.17
2026-08-22,/terms,0,2,0,88
2026-08-23,/,1,24,0.0417,20.63
2026-08-23,/about,0,3,0,28
2026-08-23,/alternatives/tripcase,0,6,0,38.17
2026-08-23,/blog,0,7,0,53.14
2026-08-23,/blog/ai-travel-organizer-app-2026,0,20,0,6.45
2026-08-23,/blog/best-travel-apps-2025,0,197,0,7.26
2026-08-23,/blog/best-travel-document-organizer-app-2026,0,16,0,13.69
2026-08-23,/blog/best-tripit-alternatives-2026,1,5,0.2,7.8
2026-08-23,/blog/business-travel-expense-reporting-app-2026,0,3,0,12.67
2026-08-23,/blog/hotel-cancellation-reminder-app-2026,0,5,0,6.4
2026-08-23,/blog/organize-travel-confirmation-emails-2026,0,9,0,12.89
2026-08-23,/blog/privacy-and-security,0,1,0,8
2026-08-23,/blog/trip-expense-management-app-2026,0,2,0,5.5
2026-08-23,/blog/tripcase-alternative-2025,0,34,0,12.32
2026-08-23,/blog/tripcase-shutdown-what-now,2,84,0.0238,7.26
2026-08-23,/blog/tripit-vs-tripcache-comparison-2025,0,14,0,8.71
2026-08-23,/features,0,2,0,37.5
2026-08-23,/features/business-travel-expenses,0,4,0,44.5
2026-08-23,/pricing,0,5,0,17.2
2026-08-23,/privacy,0,3,0,26.33
2026-08-23,/terms,0,1,0,71
2026-08-24,/,0,18,0,34.67
2026-08-24,/about,0,2,0,45
2026-08-24,/alternatives/tripcase,0,6,0,49.33
2026-08-24,/blog,0,10,0,68
2026-08-24,/blog/ai-travel-organizer-app-2026,0,8,0,7.5
2026-08-24,/blog/best-travel-apps-2025,2,203,0.0099,7.55
2026-08-24,/blog/best-travel-document-organizer-app-2026,0,11,0,7.64
2026-08-24,/blog/best-tripit-alternatives-2026,0,13,0,12.15
2026-08-24,/blog/business-travel-expense-reporting-app-2026,0,7,0,16.86
2026-08-24,/blog/hotel-cancellation-reminder-app-2026,0,3,0,4.67
2026-08-24,/blog/organize-travel-confirmation-emails-2026,0,10,0,20.5
2026-08-24,/blog/privacy-and-security,0,39,0,6.9
2026-08-24,/blog/tripcase-alternative-2025,0,38,0,10.24
2026-08-24,/blog/tripcase-shutdown-what-now,0,103,0,8.75
2026-08-24,/blog/tripit-vs-tripcache-comparison-2025,0,4,0,11
2026-08-24,/features/cancellation-reminders,0,2,0,4.5
2026-08-24,/pricing,0,1,0,83
2026-08-24,/privacy,0,1,0,9
2026-08-25,/,1,24,0.0417,38.83
2026-08-25,/about,0,3,0,54.33
2026-08-25,/alternatives/tripcase,0,10,0,49.5
2026-08-25,/blog,0,15,0,67
2026-08-25,/blog/ai-travel-organizer-app-2026,0,19,0,13.74
2026-08-25,/blog/best-travel-apps-2025,4,133,0.0301,10.02
2026-08-25,/blog/best-travel-document-organizer-app-2026,0,17,0,8.29
2026-08-25,/blog/best-tripit-alternatives-2026,0,7,0,10.43
2026-08-25,/blog/business-travel-expense-reporting-app-2026,0,6,0,24.17
2026-08-25,/blog/hotel-cancellation-reminder-app-2026,0,9,0,6.33
2026-08-25,/blog/organize-travel-confirmation-emails-2026,0,15,0,12.73
2026-08-25,/blog/privacy-and-security,0,2,0,7
2026-08-25,/blog/tripcase-alternative-2025,0,35,0,15.23
2026-08-25,/blog/tripcase-shutdown-what-now,1,82,0.0122,9.93
2026-08-25,/blog/tripit-vs-tripcache-comparison-2025,0,7,0,9.14
2026-08-25,/features/business-travel-expenses,0,2,0,6
2026-08-25,/pricing,0,3,0,57.33
2026-08-25,/privacy,0,2,0,82
2026-08-25,/terms,0,2,0,83.5
2026-08-26,/,0,33,0,40.12
2026-08-26,/about,0,2,0,44
2026-08-26,/alternatives/tripcase,0,13,0,36.69
2026-08-26,/blog,0,20,0,61.7
2026-08-26,/blog/ai-travel-organizer-app-2026,0,16,0,6.63
2026-08-26,/blog/best-travel-apps-2025,0,125,0,13.21
2026-08-26,/blog/best-travel-document-organizer-app-2026,0,8,0,8.75
2026-08-26,/blog/best-tripit-alternatives-2026,0,10,0,18.5
2026-08-26,/blog/business-travel-expense-reporting-app-2026,0,2,0,6
2026-08-26,/blog/hotel-cancellation-reminder-app-2026,0,15,0,6.6
2026-08-26,/blog/organize-travel-confirmation-emails-2026,0,14,0,6.43
2026-08-26,/blog/tripcase-alternative-2025,1,39,0.0256,14
2026-08-26,/blog/tripcase-shutdown-what-now,0,120,0,10.18
2026-08-26,/blog/tripit-vs-tripcache-comparison-2025,0,11,0,9.36
2026-08-26,/features/business-travel-expenses,1,5,0.2,5.4
2026-08-26,/features/cancellation-reminders,0,1,0,7
2026-08-26,/pricing,0,4,0,47
2026-08-27,/,2,31,0.0645,28.81
2026-08-27,/about,0,5,0,52.4
2026-08-27,/alternatives/tripcase,0,7,0,48.86
2026-08-27,/alternatives/tripit,0,4,0,66.75
2026-08-27,/blog,0,11,0,66.73
2026-08-27,/blog/ai-travel-organizer-app-2026,2,13,0.1538,13.69
2026-08-27,/blog/best-travel-apps-2025,0,156,0,10.24
2026-08-27,/blog/best-travel-document-organizer-app-2026,0,16,0,8.38
2026-08-27,/blog/best-tripit-alternatives-2026,0,9,0,9.67
2026-08-27,/blog/business-travel-expense-reporting-app-2026,0,5,0,21.4
2026-08-27,/blog/hotel-cancellation-reminder-app-2026,0,3,0,2.33
2026-08-27,/blog/organize-travel-confirmation-emails-2026,0,11,0,15.73
2026-08-27,/blog/privacy-and-security,0,66,0,6.05
2026-08-27,/blog/tripcase-alternative-2025,0,35,0,18.26
2026-08-27,/blog/tripcase-shutdown-what-now,0,103,0,9.26
2026-08-27,/blog/tripit-vs-tripcache-comparison-2025,0,6,0,10.67
2026-08-27,/features,0,1,0,99
2026-08-27,/features/business-travel-expenses,0,1,0,7
2026-08-27,/features/cancellation-reminders,0,3,0,4.33
2026-08-27,/pricing,0,3,0,83.67
2026-08-27,/privacy,0,2,0,91
2026-08-28,/,1,26,0.0385,29.96
2026-08-28,/about,0,2,0,50
2026-08-28,/alternatives/tripcase,0,9,0,50.22
2026-08-28,/alternatives/tripit,0,8,0,59.75
2026-08-28,/blog,0,19,0,67.53
2026-08-28,/blog/ai-travel-organizer-app-2026,0,22,0,17.95
2026-08-28,/blog/best-travel-apps-2025,1,93,0.0108,10.03
2026-08-28,/blog/best-travel-document-organizer-app-2026,0,15,0,9.8
2026-08-28,/blog/best-tripit-alternatives-2026,0,18,0,18.11
2026-08-28,/blog/business-travel-expense-reporting-app-2026,0,8,0,29.25
2026-08-28,/blog/hotel-cancellation-reminder-app-2026,0,12,0,3.75
2026-08-28,/blog/organize-travel-confirmation-emails-2026,0,11,0,12.91
2026-08-28,/blog/privacy-and-security,0,17,0,5.71
2026-08-28,/blog/trip-expense-management-app-2026,0,1,0,8
2026-08-28,/blog/tripcase-alternative-2025,0,36,0,18.42
2026-08-28,/blog/tripcase-shutdown-what-now,1,73,0.0137,9.22
2026-08-28,/blog/tripit-vs-tripcache-comparison-2025,0,11,0,19.36
2026-08-28,/features,0,1,0,85
2026-08-28,/features/business-travel-expenses,0,1,0,7
2026-08-28,/features/cancellation-reminders,0,4,0,4
2026-08-28,/features/email-to-itinerary,0,1,0,4
2026-08-28,/pricing,0,6,0,32
2026-08-28,/tools/hotel-cancellation-deadline-calculator,0,1,0,4
2026-08-29,/,0,18,0,34.72
2026-08-29,/about,0,1,0,88
2026-08-29,/alternatives/tripcase,0,7,0,49.14
2026-08-29,/alternatives/tripit,0,2,0,67.5
2026-08-29,/blog,0,13,0,61.15
2026-08-29,/blog/ai-travel-organizer-app-2026,0,10,0,6.7
2026-08-29,/blog/best-travel-apps-2025,1,75,0.0133,26.48
2026-08-29,/blog/best-travel-document-organizer-app-2026,0,13,0,10.38
2026-08-29,/blog/best-tripit-alternatives-2026,0,12,0,22.42
2026-08-29,/blog/business-travel-expense-reporting-app-2026,0,2,0,35.5
2026-08-29,/blog/hotel-cancellation-reminder-app-2026,2,8,0.25,5.88
2026-08-29,/blog/organize-travel-confirmation-emails-2026,0,8,0,15.38
2026-08-29,/blog/privacy-and-security,0,18,0,7
2026-08-29,/blog/trip-expense-management-app-2026,0,1,0,9
2026-08-29,/blog/tripcase-alternative-2025,0,42,0,15.76
2026-08-29,/blog/tripcase-shutdown-what-now,0,71,0,13.7
2026-08-29,/blog/tripit-vs-tripcache-comparison-2025,0,6,0,10.17
2026-08-29,/features/cancellation-reminders,0,1,0,20
2026-08-29,/pricing,0,3,0,85.33
2026-08-29,/privacy,0,2,0,78.5
2026-08-30,/,2,25,0.08,32.52
2026-08-30,/about,0,5,0,50
2026-08-30,/alternatives/tripcase,0,5,0,57.8
2026-08-30,/alternatives/tripit,0,8,0,71.38
2026-08-30,/blog,0,15,0,51.4
2026-08-30,/blog/ai-travel-organizer-app-2026,0,6,0,6.5
2026-08-30,/blog/best-travel-apps-2025,2,68,0.0294,27.18
2026-08-30,/blog/best-travel-document-organizer-app-2026,0,24,0,9.38
2026-08-30,/blog/best-tripit-alternatives-2026,0,14,0,21.93
2026-08-30,/blog/business-travel-expense-reporting-app-2026,0,1,0,11
2026-08-30,/blog/hotel-cancellation-reminder-app-2026,0,3,0,2.33
2026-08-30,/blog/organize-travel-confirmation-emails-2026,0,18,0,13.17
2026-08-30,/blog/privacy-and-security,0,33,0,7.33
2026-08-30,/blog/tripcase-alternative-2025,1,27,0.037,23.41
2026-08-30,/blog/tripcase-shutdown-what-now,1,70,0.0143,11.24
2026-08-30,/blog/tripit-vs-tripcache-comparison-2025,0,8,0,16.63
2026-08-30,/features/business-travel-expenses,0,1,0,11
2026-08-30,/pricing,0,5,0,62.8
2026-08-30,/privacy,0,2,0,49
2026-08-31,/,0,27,0,47.19
2026-08-31,/about,0,3,0,54
2026-08-31,/alternatives/tripcase,0,8,0,63.25
2026-08-31,/alternatives/tripit,0,8,0,44.25
2026-08-31,/blog,0,19,0,52.21
2026-08-31,/blog/ai-travel-organizer-app-2026,0,17,0,14.94
2026-08-31,/blog/best-travel-apps-2025,0,91,0,28.77
2026-08-31,/blog/best-travel-document-organizer-app-2026,0,25,0,8.04
2026-08-31,/blog/best-tripit-alternatives-2026,1,8,0.125,13.38
2026-08-31,/blog/business-travel-expense-reporting-app-2026,0,4,0,26.75
2026-08-31,/blog/hotel-cancellation-reminder-app-2026,0,7,0,3.86
2026-08-31,/blog/organize-travel-confirmation-emails-2026,0,18,0,10.44
2026-08-31,/blog/tripcase-alternative-2025,2,68,0.0294,13.01
2026-08-31,/blog/tripcase-shutdown-what-now,0,107,0,10.17
2026-08-31,/blog/tripit-vs-tripcache-comparison-2025,0,13,0,25.31
2026-08-31,/features,0,1,0,62
2026-08-31,/features/business-travel-expenses,0,5,0,43
2026-08-31,/features/cancellation-reminders,1,3,0.3333,1.67
2026-08-31,/pricing,0,13,0,66.62
2026-08-31,/privacy,0,5,0,44.2
2026-08-31,/terms,0,8,0,71.63
2026-09-01,/,0,14,0,42.21
2026-09-01,/alternatives/tripcase,0,4,0,52.75
2026-09-01,/alternatives/tripit,0,10,0,50.4
2026-09-01,/blog,0,10,0,49.6
2026-09-01,/blog/ai-travel-organizer-app-2026,0,17,0,9.35
2026-09-01,/blog/best-travel-apps-2025,0,121,0,22.57
2026-09-01,/blog/best-travel-document-organizer-app-2026,0,19,0,9.79
2026-09-01,/blog/best-tripit-alternatives-2026,0,10,0,5.8
2026-09-01,/blog/business-travel-expense-reporting-app-2026,0,5,0,7.2
2026-09-01,/blog/hotel-cancellation-reminder-app-2026,0,15,0,5.53
2026-09-01,/blog/organize-travel-confirmation-emails-2026,0,29,0,8.79
2026-09-01,/blog/privacy-and-security,0,28,0,7.14
2026-09-01,/blog/tripcase-alternative-2025,0,69,0,14
2026-09-01,/blog/tripcase-shutdown-what-now,1,94,0.0106,8.49
2026-09-01,/blog/tripit-vs-tripcache-comparison-2025,0,20,0,18.55
2026-09-01,/features/business-travel-expenses,0,1,0,8
2026-09-01,/features/cancellation-reminders,0,1,0,1
2026-09-01,/pricing,0,3,0,28.67
2026-09-02,/,0,31,0,47.87
2026-09-02,/alternatives/tripcase,0,17,0,68.53
2026-09-02,/alternatives/tripit,0,12,0,52.58
2026-09-02,/blog,0,24,0,49.54
2026-09-02,/blog/ai-travel-organizer-app-2026,0,11,0,10
2026-09-02,/blog/best-travel-apps-2025,0,111,0,25.02
2026-09-02,/blog/best-travel-document-organizer-app-2026,0,10,0,9.5
2026-09-02,/blog/best-tripit-alternatives-2026,0,10,0,8.1
2026-09-02,/blog/business-travel-expense-reporting-app-2026,0,2,0,14.5
2026-09-02,/blog/hotel-cancellation-reminder-app-2026,0,4,0,3.25
2026-09-02,/blog/organize-travel-confirmation-emails-2026,0,31,0,6.84
2026-09-02,/blog/tripcase-alternative-2025,0,79,0,16.61
2026-09-02,/blog/tripcase-shutdown-what-now,0,95,0,8.22
2026-09-02,/blog/tripit-vs-tripcache-comparison-2025,0,31,0,17.52
2026-09-02,/features/business-travel-expenses,0,2,0,10
2026-09-02,/pricing,0,11,0,85.91
2026-09-02,/privacy,0,2,0,50
2026-09-03,/,0,24,0,30.58
2026-09-03,/about,0,1,0,1
2026-09-03,/alternatives/tripcase,0,6,0,52
2026-09-03,/alternatives/tripit,0,5,0,54.2
2026-09-03,/blog,0,10,0,45.7
2026-09-03,/blog/ai-travel-organizer-app-2026,0,20,0,6.7
2026-09-03,/blog/best-travel-apps-2025,0,87,0,15.72
2026-09-03,/blog/best-travel-document-organizer-app-2026,0,26,0,10.96
2026-09-03,/blog/best-tripit-alternatives-2026,0,11,0,7
2026-09-03,/blog/business-travel-expense-reporting-app-2026,0,3,0,10.33
2026-09-03,/blog/hotel-cancellation-reminder-app-2026,0,9,0,5
2026-09-03,/blog/organize-travel-confirmation-emails-2026,1,40,0.025,6.3
2026-09-03,/blog/privacy-and-security,0,89,0,6.8
2026-09-03,/blog/tripcase-alternative-2025,1,54,0.0185,12.93
2026-09-03,/blog/tripcase-shutdown-what-now,1,95,0.0105,7.21
2026-09-03,/blog/tripit-vs-tripcache-comparison-2025,0,12,0,11
2026-09-03,/features/business-travel-expenses,0,2,0,2
2026-09-03,/features/cancellation-reminders,0,6,0,2.83
2026-09-03,/pricing,0,5,0,55
2026-09-04,/,0,28,0,33.79
2026-09-04,/about,0,1,0,1
2026-09-04,/alternatives/tripcase,0,7,0,65.71
2026-09-04,/alternatives/tripit,0,7,0,51.43
2026-09-04,/blog,0,17,0,51.47
2026-09-04,/blog/ai-travel-organizer-app-2026,0,10,0,6.1
2026-09-04,/blog/best-travel-apps-2025,0,85,0,14.19
2026-09-04,/blog/best-travel-document-organizer-app-2026,0,22,0,8.23
2026-09-04,/blog/best-tripit-alternatives-2026,0,15,0,9.53
2026-09-04,/blog/business-travel-expense-reporting-app-2026,0,4,0,8.25
2026-09-04,/blog/hotel-cancellation-reminder-app-2026,0,7,0,3.29
2026-09-04,/blog/organize-travel-confirmation-emails-2026,0,13,0,6.46
2026-09-04,/blog/privacy-and-security,0,34,0,6.47
2026-09-04,/blog/tripcase-alternative-2025,0,80,0,15.28
2026-09-04,/blog/tripcase-shutdown-what-now,0,94,0,8.11
2026-09-04,/blog/tripit-vs-tripcache-comparison-2025,0,11,0,11.36
2026-09-04,/features/business-travel-expenses,0,3,0,6.33
2026-09-04,/features/cancellation-reminders,0,3,0,7.33
2026-09-04,/pricing,0,7,0,47.71
2026-09-04,/privacy,0,3,0,5
2026-09-04,/terms,0,1,0,1
2026-09-05,/,0,15,0,28.2
2026-09-05,/about,0,1,0,1
2026-09-05,/alternatives/tripcase,0,6,0,49.5
2026-09-05,/alternatives/tripit,0,5,0,41.8
2026-09-05,/blog,0,11,0,46.45
2026-09-05,/blog/ai-travel-organizer-app-2026,0,9,0,9.11
2026-09-05,/blog/best-travel-apps-2025,0,265,0,8.82
2026-09-05,/blog/best-travel-document-organizer-app-2026,0,18,0,8.67
2026-09-05,/blog/best-tripit-alternatives-2026,0,10,0,5.1
2026-09-05,/blog/business-travel-expense-reporting-app-2026,0,1,0,5
2026-09-05,/blog/hotel-cancellation-reminder-app-2026,0,4,0,4.75
2026-09-05,/blog/organize-travel-confirmation-emails-2026,0,27,0,7.37
2026-09-05,/blog/privacy-and-security,0,119,0,6.41
2026-09-05,/blog/tripcase-alternative-2025,0,65,0,16.02
2026-09-05,/blog/tripcase-shutdown-what-now,0,93,0,8.45
2026-09-05,/blog/tripit-vs-tripcache-comparison-2025,0,14,0,10.79
2026-09-05,/features/business-travel-expenses,0,2,0,5.5
2026-09-05,/pricing,0,4,0,44.5
2026-09-05,/privacy,0,1,0,9
2026-09-06,/,2,22,0.0909,29.05
2026-09-06,/about,0,1,0,1
2026-09-06,/alternatives/tripcase,0,4,0,44.25
2026-09-06,/alternatives/tripit,0,6,0,53
2026-09-06,/blog,0,13,0,39
2026-09-06,/blog/ai-travel-organizer-app-2026,0,2,0,6.5
2026-09-06,/blog/best-travel-apps-2025,0,216,0,7.65
2026-09-06,/blog/best-travel-document-organizer-app-2026,0,26,0,10.42
2026-09-06,/blog/best-tripit-alternatives-2026,0,18,0,10.06
2026-09-06,/blog/business-travel-expense-reporting-app-2026,0,3,0,32
2026-09-06,/blog/hotel-cancellation-reminder-app-2026,0,4,0,5.25
2026-09-06,/blog/organize-travel-confirmation-emails-2026,0,19,0,7.42
2026-09-06,/blog/privacy-and-security,0,20,0,6
2026-09-06,/blog/tripcase-alternative-2025,0,53,0,11.6
2026-09-06,/blog/tripcase-shutdown-what-now,1,94,0.0106,8.1
2026-09-06,/blog/tripit-vs-tripcache-comparison-2025,0,14,0,10.79
2026-09-06,/features/business-travel-expenses,0,3,0,7
2026-09-06,/features/cancellation-reminders,0,5,0,6.4
2026-09-06,/pricing,0,3,0,55.33
2026-09-06,/privacy,0,1,0,9
2026-09-07,/,0,19,0,29.53
2026-09-07,/alternatives/tripcase,0,6,0,55.67
2026-09-07,/alternatives/tripit,0,6,0,49.67
2026-09-07,/blog,0,10,0,45.6
2026-09-07,/blog/best-travel-apps-2025,0,191,0,12.17
2026-09-07,/blog/best-travel-document-organizer-app-2026,0,25,0,7.56
2026-09-07,/blog/best-tripit-alternatives-2026,0,19,0,7.37
2026-09-07,/blog/business-travel-expense-reporting-app-2026,0,3,0,13.67
2026-09-07,/blog/hotel-cancellation-reminder-app-2026,0,4,0,5
2026-09-07,/blog/organize-travel-confirmation-emails-2026,0,30,0,7.9
2026-09-07,/blog/privacy-and-security,0,1,0,5
2026-09-07,/blog/tripcase-alternative-2025,0,38,0,15.76
2026-09-07,/blog/tripcase-shutdown-what-now,0,85,0,7.85
2026-09-07,/blog/tripit-vs-tripcache-comparison-2025,0,11,0,10.91
2026-09-07,/features/business-travel-expenses,0,1,0,7
2026-09-07,/features/cancellation-reminders,0,5,0,5.2
2026-09-07,/pricing,0,4,0,37.75
2026-09-07,/privacy,0,1,0,47
2026-09-07,/terms,0,1,0,46
2026-09-08,/,0,10,0,49.5
2026-09-08,/alternatives/tripcase,0,5,0,51.8
2026-09-08,/alternatives/tripit,0,11,0,51.18
2026-09-08,/blog,0,11,0,49.64
2026-09-08,/blog/ai-travel-organizer-app-2026,0,1,0,5
2026-09-08,/blog/best-travel-apps-2025,1,152,0.0066,9.85
2026-09-08,/blog/best-travel-document-organizer-app-2026,0,21,0,8.1
2026-09-08,/blog/best-tripit-alternatives-2026,0,11,0,6.64
2026-09-08,/blog/business-travel-expense-reporting-app-2026,0,3,0,6
2026-09-08,/blog/hotel-cancellation-reminder-app-2026,0,14,0,4.21
2026-09-08,/blog/organize-travel-confirmation-emails-2026,0,17,0,6.59
2026-09-08,/blog/trip-expense-management-app-2026,0,1,0,7
2026-09-08,/blog/tripcase-alternative-2025,0,49,0,15.57
2026-09-08,/blog/tripcase-shutdown-what-now,1,89,0.0112,8.69
2026-09-08,/blog/tripit-vs-tripcache-comparison-2025,0,14,0,8.57
2026-09-08,/features/cancellation-reminders,1,4,0.25,4.75
2026-09-08,/pricing,0,2,0,85
2026-09-09,/,4,30,0.1333,26.83
2026-09-09,/about,0,3,0,1
2026-09-09,/alternatives/tripcase,0,8,0,41.38
2026-09-09,/alternatives/tripit,0,10,0,47.5
2026-09-09,/blog,0,18,0,49.78
2026-09-09,/blog/best-travel-apps-2025,0,90,0,17.59
2026-09-09,/blog/best-travel-document-organizer-app-2026,1,35,0.0286,7.69
2026-09-09,/blog/best-tripit-alternatives-2026,0,20,0,9.85
2026-09-09,/blog/business-travel-expense-reporting-app-2026,0,2,0,2
2026-09-09,/blog/hotel-cancellation-reminder-app-2026,0,5,0,6.6
2026-09-09,/blog/organize-travel-confirmation-emails-2026,0,16,0,6.38
2026-09-09,/blog/privacy-and-security,0,1,0,10
2026-09-09,/blog/tripcase-alternative-2025,0,54,0,13.09
2026-09-09,/blog/tripcase-shutdown-what-now,1,122,0.0082,8.84
2026-09-09,/blog/tripit-vs-tripcache-comparison-2025,0,11,0,9.91
2026-09-09,/features,0,1,0,1
2026-09-09,/features/business-travel-expenses,0,1,0,1
2026-09-09,/features/cancellation-reminders,0,5,0,4.4
2026-09-09,/pricing,0,4,0,65.5
2026-09-10,/,1,21,0.0476,39.95
2026-09-10,/about,0,2,0,1
2026-09-10,/alternatives/tripcase,0,6,0,68.33
2026-09-10,/alternatives/tripit,0,13,0,45.69
2026-09-10,/blog,0,17,0,51.71
2026-09-10,/blog/best-travel-apps-2025,0,74,0,15.72
2026-09-10,/blog/best-travel-document-organizer-app-2026,1,23,0.0435,7.09
2026-09-10,/blog/best-tripit-alternatives-2026,0,8,0,7.75
2026-09-10,/blog/business-travel-expense-reporting-app-2026,0,4,0,5
2026-09-10,/blog/hotel-cancellation-reminder-app-2026,1,8,0.125,4.5
2026-09-10,/blog/organize-travel-confirmation-emails-2026,0,29,0,8.72
2026-09-10,/blog/privacy-and-security,0,2,0,9
2026-09-10,/blog/tripcase-alternative-2025,0,65,0,15.51
2026-09-10,/blog/tripcase-shutdown-what-now,0,138,0,8.3
2026-09-10,/blog/tripit-vs-tripcache-comparison-2025,0,10,0,15.6
2026-09-10,/features/business-travel-expenses,0,4,0,4
2026-09-10,/features/cancellation-reminders,0,4,0,4.5
2026-09-10,/pricing,0,8,0,54
2026-09-10,/privacy,0,2,0,1
2026-09-10,/terms,0,1,0,60
2026-09-11,/,0,15,0,41.47
2026-09-11,/,0,1,0,1
2026-09-11,/alternatives/tripcase,0,4,0,60.25
2026-09-11,/alternatives/tripit,0,8,0,52.13
2026-09-11,/blog,0,9,0,47.89
2026-09-11,/blog/best-travel-apps-2025,0,102,0,25.99
2026-09-11,/blog/best-travel-document-organizer-app-2026,0,14,0,8.71
2026-09-11,/blog/best-tripit-alternatives-2026,0,9,0,6.67
2026-09-11,/blog/business-travel-expense-reporting-app-2026,0,6,0,6.83
2026-09-11,/blog/hotel-cancellation-reminder-app-2026,0,4,0,3
2026-09-11,/blog/organize-travel-confirmation-emails-2026,0,17,0,6.41
2026-09-11,/blog/privacy-and-security,0,64,0,6.64
2026-09-11,/blog/tripcase-alternative-2025,0,52,0,12.5
2026-09-11,/blog/tripcase-shutdown-what-now,1,87,0.0115,7.46
2026-09-11,/blog/tripit-vs-tripcache-comparison-2025,0,6,0,12.67
2026-09-11,/features,0,1,0,9
2026-09-11,/features/cancellation-reminders,0,3,0,5.33
2026-09-11,/pricing,0,3,0,28.67
2026-09-12,/,2,18,0.1111,34.11
2026-09-12,/about,0,2,0,6
2026-09-12,/alternatives/tripcase,0,6,0,40.33
2026-09-12,/alternatives/tripit,0,9,0,52.11
2026-09-12,/blog,0,11,0,47.09
2026-09-12,/blog/best-travel-apps-2025,0,133,0,33.05
2026-09-12,/blog/best-travel-document-organizer-app-2026,0,39,0,9.31
2026-09-12,/blog/best-travel-id-2025,0,1,0,1
2026-09-12,/blog/best-tripit-alternatives-2026,0,11,0,6.73
2026-09-12,/blog/business-travel-expense-reporting-app-2026,0,4,0,6.5
2026-09-12,/blog/hotel-cancellation-reminder-app-2026,0,12,0,5.75
2026-09-12,/blog/organize-travel-confirmation-emails-2026,0,30,0,8.77
2026-09-12,/blog/privacy-and-security,0,188,0,6.31
2026-09-12,/blog/tripcase-alternative-2025,1,80,0.0125,11.78
2026-09-12,/blog/tripcase-shutdown-what-now,0,78,0,7.96
2026-09-12,/blog/tripit-vs-tripcache-comparison-2025,0,10,0,10.8
2026-09-12,/features,0,1,0,7
2026-09-12,/features/business-travel-expenses,0,1,0,9
2026-09-12,/features/cancellation-reminders,0,5,0,7.4
2026-09-12,/features/email-to-itinerary,0,4,0,13
2026-09-12,/pricing,1,3,0.3333,33.67
2026-09-13,/,0,18,0,25.17
2026-09-13,/about,0,1,0,1
2026-09-13,/alternatives/tripcase,0,7,0,61.43
2026-09-13,/alternatives/tripit,0,10,0,53.8
2026-09-13,/blog,0,11,0,48.91
2026-09-13,/blog/best-travel-apps-2025,0,122,0,27.93
2026-09-13,/blog/best-travel-document-organizer-app-2026,0,31,0,7.45
2026-09-13,/blog/best-tripit-alternatives-2026,0,15,0,6.2
2026-09-13,/blog/best-tripit-alternatives-2026,0,1,0,1
2026-09-13,/blog/business-travel-expense-reporting-app-2026,0,1,0,73
2026-09-13,/blog/hotel-cancellation-reminder-app-2026,0,9,0,6.33
2026-09-13,/blog/organize-travel-confirmation-emails-2026,0,46,0,8.37
2026-09-13,/blog/privacy-and-security,0,89,0,6.35
2026-09-13,/blog/trip-expense-management-app-2026,0,1,0,2
2026-09-13,/blog/tripcase-alternative-2025,0,66,0,12.47
2026-09-13,/blog/tripcase-shutdown-what-now,0,83,0,6.93
2026-09-13,/blog/tripit-vs-tripcache-comparison-2025,0,11,0,8.64
2026-09-13,/features/business-travel-expenses,0,2,0,9.5
2026-09-13,/features/cancellation-reminders,0,1,0,3
2026-09-13,/features/email-to-itinerary,0,4,0,8.75
2026-09-13,/pricing,0,4,0,46.5
2026-09-13,/privacy,0,1,0,9
2026-09-13,/terms,0,1,0,4
2026-09-14,/,0,21,0,18.33
2026-09-14,/alternatives/tripcase,0,5,0,47.4
2026-09-14,/alternatives/tripit,0,9,0,54.56
2026-09-14,/blog,0,7,0,47.14
2026-09-14,/blog/best-travel-apps-2025,1,153,0.0065,24.91
2026-09-14,/blog/best-travel-document-organizer-app-2026,1,29,0.0345,8.76
2026-09-14,/blog/best-tripit-alternatives-2026,1,14,0.0714,8.93
2026-09-14,/blog/business-travel-expense-reporting-app-2026,0,6,0,5.5
2026-09-14,/blog/hotel-cancellation-reminder-app-2026,0,5,0,5.6
2026-09-14,/blog/organize-travel-confirmation-emails-2026,0,62,0,6.39
2026-09-14,/blog/privacy-and-security,0,34,0,6.09
2026-09-14,/blog/tripcase-alternative-2025,0,68,0,9.78
2026-09-14,/blog/tripcase-shutdown-what-now,3,109,0.0275,6.93
2026-09-14,/blog/tripit-vs-tripcache-comparison-2025,0,7,0,8.57
2026-09-14,/features/cancellation-reminders,0,3,0,5.67
2026-09-14,/features/email-to-itinerary,0,2,0,12.5
2026-09-14,/pricing,0,3,0,59
2026-09-15,/,3,19,0.1579,20.79
2026-09-15,/about,0,2,0,1
2026-09-15,/alternatives/tripcase,0,9,0,52.33
2026-09-15,/alternatives/tripit,0,14,0,52
2026-09-15,/blog,0,10,0,47.7
2026-09-15,/blog/ai-travel-organizer-app-2026,0,2,0,2.5
2026-09-15,/blog/best-travel-5d5d2b,0,1,0,1
2026-09-15,/blog/best-travel-apps-2025,0,140,0,23.81
2026-09-15,/blog/best-travel-document-organizer-app-2026,0,15,0,7.73
2026-09-15,/blog/best-tripit-alternatives-2026,1,10,0.1,9.3
2026-09-15,/blog/business-travel-expense-reporting-app-2026,0,4,0,6
2026-09-15,/blog/hotel-cancellation-reminder-app-2026,0,2,0,4
2026-09-15,/blog/organize-travel-confirmation-emails-2026,0,46,0,7
2026-09-15,/blog/privacy-and-security,0,18,0,7.39
2026-09-15,/blog/trip-expense-management-app-2026,0,1,0,1
2026-09-15,/blog/tripcase-alternative-2025,0,62,0,13.23
2026-09-15,/blog/tripcase-shutdown-what-now,0,115,0,7.35
2026-09-15,/blog/tripit-vs-tripcache-comparison-2025,0,3,0,5.67
2026-09-15,/features,0,3,0,7.33
2026-09-15,/features/business-travel-expenses,0,4,0,14.75
2026-09-15,/features/cancellation-reminders,0,1,0,11
2026-09-15,/features/email-to-itinerary,0,7,0,7.29
2026-09-15,/pricing,0,8,0,24.25
2026-09-16,/,1,24,0.0417,23.92
2026-09-16,/alternatives/tripcase,0,3,0,62.33
2026-09-16,/alternatives/tripit,0,8,0,61.13
2026-09-16,/blog,0,9,0,41.33
2026-09-16,/blog/ai-travel-organizer-app-2026,0,2,0,11
2026-09-16,/blog/best-travel-apps-2025,0,112,0,10.82
2026-09-16,/blog/best-travel-document-organizer-app-2026,0,10,0,9
2026-09-16,/blog/best-tripit-alternatives-2026,0,13,0,6.77
2026-09-16,/blog/business-travel-expense-reporting-app-2026,0,2,0,9.5
2026-09-16,/blog/hotel-cancellation-reminder-app-2026,0,11,0,4
2026-09-16,/blog/organize-travel-confirmation-emails-2026,0,21,0,12.38
2026-09-16,/blog/trip-expense-management-app-2026,0,1,0,6
2026-09-16,/blog/tripcase-alternative-2025,0,46,0,13.67
2026-09-16,/blog/tripcase-shutdown-what-now,1,95,0.0105,7.52
2026-09-16,/blog/tripit-vs-tripcache-comparison-2025,0,4,0,4.5
2026-09-16,/features/business-travel-expenses,0,1,0,7
2026-09-16,/features/cancellation-reminders,0,2,0,9
2026-09-16,/features/email-to-itinerary,0,2,0,2
2026-09-16,/pricing,0,3,0,80
2026-09-17,/,0,18,0,11.44
2026-09-17,/alternatives/tripcase,0,3,0,67
2026-09-17,/alternatives/tripit,0,1,0,44
2026-09-17,/blog,0,4,0,52.25
2026-09-17,/blog/ai-travel-organizer-app-2026,0,1,0,2
2026-09-17,/blog/best-travel-apps-2025,0,96,0,9.24
2026-09-17,/blog/best-travel-document-organizer-app-2026,0,7,0,7.29
2026-09-17,/blog/best-tripit-alternatives-2026,0,4,0,17.75
2026-09-17,/blog/best-tripit-alternatives-2026,0,1,0,1
2026-09-17,/blog/business-travel-expense-reporting-app-2026,0,1,0,5
2026-09-17,/blog/hotel-cancellation-reminder-app-2026,0,7,0,5.43
2026-09-17,/blog/organize-travel-confirmation-emails-2026,0,8,0,11.13
2026-09-17,/blog/tripcase-alternative-2025,0,30,0,14.87
2026-09-17,/blog/tripcase-shutdown-what-now,1,80,0.0125,6.34
2026-09-17,/blog/tripit-vs-tripcache-comparison-2025,0,7,0,14.86
2026-09-17,/features/email-to-itinerary,0,1,0,1
2026-09-17,/pricing,0,3,0,34
2026-09-18,/,0,11,0,9.73
2026-09-18,/about,0,1,0,1
2026-09-18,/alternatives/tripcase,0,1,0,52
2026-09-18,/alternatives/tripit,0,3,0,50
2026-09-18,/blog,0,2,0,36.5
2026-09-18,/blog/ai-travel-organizer-app-2026,0,1,0,9
2026-09-18,/blog/best-travel-apps-2025,0,64,0,8.86
2026-09-18,/blog/best-travel-document-organizer-app-2026,0,12,0,8.25
2026-09-18,/blog/best-tripit-alternatives-2026,0,12,0,25.67
2026-09-18,/blog/business-travel-expense-reporting-app-2026,0,5,0,5
2026-09-18,/blog/hotel-cancellation-reminder-app-2026,0,3,0,5
2026-09-18,/blog/organize-travel-confirmation-emails-2026,0,11,0,9.64
2026-09-18,/blog/privacy-and-security,0,5,0,3.4
2026-09-18,/blog/tripcase-alternative-2025,0,34,0,9.32
2026-09-18,/blog/tripcase-shutdown-what-now,2,85,0.0235,6.66
2026-09-18,/blog/tripit-vs-tripcache-comparison-2025,0,14,0,11.5
2026-09-18,/features/business-travel-expenses,0,1,0,169
2026-09-18,/pricing,0,2,0,42
2026-09-19,/,2,10,0.2,4.1
2026-09-19,/about,0,1,0,1
2026-09-19,/alternatives/tripit,0,3,0,23.33
2026-09-19,/blog,0,2,0,36.5
2026-09-19,/blog/ai-travel-organizer-app-2026,0,1,0,6
2026-09-19,/blog/best-travel-apps-2025,0,43,0,10.33
2026-09-19,/blog/best-travel-document-organizer-app-2026,0,12,0,7.42
2026-09-19,/blog/best-tripit-alternatives-2026,1,10,0.1,12.7
2026-09-19,/blog/hotel-cancellation-reminder-app-2026,0,4,0,4
2026-09-19,/blog/organize-travel-confirmation-emails-2026,0,17,0,9.65
2026-09-19,/blog/tripcase-alternative-2025,1,16,0.0625,10.19
2026-09-19,/blog/tripcase-shutdown-what-now,0,56,0,6.04
2026-09-19,/blog/tripit-vs-tripcache-comparison-2025,0,11,0,12.91
2026-09-19,/features,0,1,0,1
2026-09-19,/features/business-travel-expenses,0,1,0,1
2026-09-19,/features/cancellation-reminders,0,4,0,3.5
2026-09-19,/features/email-to-itinerary,0,4,0,5.5
2026-09-19,/pricing,0,1,0,1
2026-09-20,/,0,13,0,10.69
2026-09-20,/about,0,2,0,3.5
2026-09-20,/alternatives/tripcase,0,2,0,58.5
2026-09-20,/alternatives/tripit,0,3,0,38.33
2026-09-20,/blog,0,3,0,40.67
2026-09-20,/blog/best-travel-apps-2025,0,23,0,10.35
2026-09-20,/blog/best-travel-document-organizer-app-2026,0,12,0,16
2026-09-20,/blog/best-tripit-alternatives-2026,0,9,0,8.56
2026-09-20,/blog/business-travel-expense-reporting-app-2026,0,4,0,3.75
2026-09-20,/blog/hotel-cancellation-reminder-app-2026,0,3,0,5.33
2026-09-20,/blog/organize-travel-confirmation-emails-2026,0,12,0,4.58
2026-09-20,/blog/privacy-and-security,0,5,0,3.6
2026-09-20,/blog/tripcase-alternative-2025,0,19,0,12.95
2026-09-20,/blog/tripcase-shutdown-what-now,0,75,0,5.97
2026-09-20,/blog/tripit-vs-tripcache-comparison-2025,0,7,0,14.71
2026-09-20,/features,0,1,0,1
2026-09-20,/features/business-travel-expenses,0,3,0,3
2026-09-20,/features/email-to-itinerary,0,4,0,5.5
2026-09-20,/pricing,0,3,0,28.33
2026-09-21,/,0,8,0,12.5
2026-09-21,/alternatives/tripcase,0,2,0,57
2026-09-21,/alternatives/tripit,0,4,0,42.25
2026-09-21,/blog,0,3,0,46.67
2026-09-21,/blog/ai-travel-organizer-app-2026,0,2,0,8
2026-09-21,/blog/best-travel-apps-2025,1,26,0.0385,12.15
2026-09-21,/blog/best-travel-document-organizer-app-2026,0,7,0,8.71
2026-09-21,/blog/best-tripit-alternatives-2026,0,10,0,8.8
2026-09-21,/blog/hotel-cancellation-reminder-app-2026,0,10,0,4
2026-09-21,/blog/organize-travel-confirmation-emails-2026,0,4,0,8.25
2026-09-21,/blog/privacy-and-security,0,22,0,7.36
2026-09-21,/blog/tripcase-alternative-2025,0,37,0,11.97
2026-09-21,/blog/tripcase-shutdown-what-now,1,119,0.0084,7.19
2026-09-21,/blog/tripit-vs-tripcache-comparison-2025,0,10,0,11.3
2026-09-21,/features/cancellation-reminders,1,2,0.5,2
2026-09-21,/features/email-to-itinerary,0,1,0,3
2026-09-21,/pricing,0,3,0,28.33
2026-09-21,/privacy,0,1,0,2
2026-09-21,/tools/hotel-cancellation-deadline-calculator,0,1,0,3
2026-09-22,/,0,11,0,11.27
2026-09-22,/about,0,1,0,2
2026-09-22,/alternatives/tripcase,1,4,0.25,29
2026-09-22,/alternatives/tripit,0,4,0,37.25
2026-09-22,/blog,0,7,0,43.43
2026-09-22,/blog/ai-travel-organizer-app-2026,0,2,0,5
2026-09-22,/blog/best-travel-apps-2025,0,23,0,20.43
2026-09-22,/blog/best-travel-document-organizer-app-2026,1,14,0.0714,8.64
2026-09-22,/blog/best-tripit-alternatives-2026,1,6,0.1667,8.33
2026-09-22,/blog/business-travel-expense-reporting-app-2026,0,3,0,6
2026-09-22,/blog/hotel-cancellation-reminder-app-2026,0,4,0,4.5
2026-09-22,/blog/organize-travel-confirmation-emails-2026,0,13,0,10.92
2026-09-22,/blog/trip-expense-management-app-2026,0,2,0,8
2026-09-22,/blog/tripcase-alternative-2025,1,41,0.0244,11.85
2026-09-22,/blog/tripcase-shutdown-what-now,0,81,0,7.78
2026-09-22,/blog/tripit-vs-tripcache-comparison-2025,0,23,0,14.61
2026-09-22,/features/business-travel-expenses,0,2,0,5.5
2026-09-22,/features/email-to-itinerary,0,1,0,9
2026-09-22,/pricing,0,2,0,43
2026-09-23,/,0,11,0,19.27
2026-09-23,/alternatives/tripcase,0,3,0,39
2026-09-23,/alternatives/tripit,0,6,0,32.67
2026-09-23,/blog,0,5,0,42.4
2026-09-23,/blog/ai-travel-organizer-app-2026,0,4,0,6.75
2026-09-23,/blog/best-travel-apps-2025,0,21,0,12.95
2026-09-23,/blog/best-travel-document-organizer-app-2026,0,14,0,6.07
2026-09-23,/blog/best-tripit-alternatives-2026,0,4,0,5.5
2026-09-23,/blog/business-travel-expense-reporting-app-2026,0,1,0,1
2026-09-23,/blog/hotel-cancellation-reminder-app-2026,0,7,0,6.57
2026-09-23,/blog/organize-travel-confirmation-emails-2026,0,16,0,7.75
2026-09-23,/blog/privacy-and-security,0,1,0,2
2026-09-23,/blog/tripcase-alternative-2025,0,30,0,10.8
2026-09-23,/blog/tripcase-shutdown-what-now,1,85,0.0118,7.06
2026-09-23,/blog/tripit-vs-tripcache-comparison-2025,0,5,0,12.4
2026-09-23,/features,0,1,0,3
2026-09-23,/features/business-travel-expenses,0,5,0,17.8
2026-09-23,/features/cancellation-reminders,0,2,0,1
2026-09-23,/features/email-to-itinerary,0,2,0,7.5
2026-09-23,/pricing,0,3,0,53.33
2026-09-24,/,0,13,0,9.85
2026-09-24,/about,0,1,0,1
2026-09-24,/alternatives/tripcase,0,4,0,3.75
2026-09-24,/alternatives/tripit,0,3,0,12.67
2026-09-24,/blog,0,3,0,56.67
2026-09-24,/blog/best-travel-apps-2025,0,20,0,15
2026-09-24,/blog/best-travel-document-organizer-app-2026,0,18,0,7.78
2026-09-24,/blog/best-tripit-alternatives-2026,0,5,0,6.8
2026-09-24,/blog/hotel-cancellation-reminder-app-2026,0,4,0,3.25
2026-09-24,/blog/organize-travel-confirmation-emails-2026,0,17,0,8.06
2026-09-24,/blog/privacy-and-security,0,27,0,6.74
2026-09-24,/blog/tripcase-alternative-2025,0,33,0,10
2026-09-24,/blog/tripcase-shutdown-what-now,1,97,0.0103,7.61
2026-09-24,/blog/tripit-vs-tripcache-comparison-2025,0,8,0,9.75
2026-09-24,/features,0,1,0,1
2026-09-24,/features/business-travel-expenses,1,1,1,1
2026-09-24,/features/cancellation-reminders,0,2,0,6
2026-09-24,/features/email-to-itinerary,0,4,0,6.5
2026-09-24,/pricing,0,3,0,33
2026-09-25,/,0,4,0,42.5
2026-09-25,/alternatives/tripcase,0,1,0,51
2026-09-25,/alternatives/tripit,0,2,0,40
2026-09-25,/blog,0,3,0,49.33
2026-09-25,/blog/ai-travel-organizer-app-2026,0,2,0,9
2026-09-25,/blog/best-travel-apps-2025,0,17,0,11.18
2026-09-25,/blog/best-travel-document-organizer-app-2026,0,8,0,8
2026-09-25,/blog/best-tripit-alternatives-2026,0,12,0,9.92
2026-09-25,/blog/business-travel-expense-reporting-app-2026,0,1,0,7
2026-09-25,/blog/hotel-cancellation-reminder-app-2026,0,2,0,6
2026-09-25,/blog/organize-travel-confirmation-emails-2026,0,13,0,6.46
2026-09-25,/blog/privacy-and-security,0,3,0,8
2026-09-25,/blog/trip-expense-management-app-2026,0,2,0,3
2026-09-25,/blog/trip-map-itinerary-planner-app-2026,0,3,0,7.67
2026-09-25,/blog/tripcase-alternative-2025,0,14,0,16.36
2026-09-25,/blog/tripcase-shutdown-what-now,2,79,0.0253,7.32
2026-09-25,/blog/tripit-vs-tripcache-comparison-2025,0,7,0,5.43
2026-09-25,/features/cancellation-reminders,0,1,0,4
2026-09-25,/features/email-to-itinerary,0,1,0,3
2026-09-25,/pricing,0,1,0,72
2026-09-26,/,1,11,0.0909,11.82
2026-09-26,/about,0,2,0,2
2026-09-26,/alternatives/tripcase,0,1,0,75
2026-09-26,/alternatives/tripit,0,1,0,62
2026-09-26,/blog/ai-travel-organizer-app-2026,0,1,0,10
2026-09-26,/blog/best-travel-apps-2025,1,22,0.0455,12.86
2026-09-26,/blog/best-travel-document-organizer-app-2026,0,20,0,10.65
2026-09-26,/blog/best-tripit-alternatives-2026,0,5,0,9.8
2026-09-26,/blog/hotel-cancellation-reminder-app-2026,0,2,0,7
2026-09-26,/blog/organize-travel-confirmation-emails-2026,0,9,0,10.89
2026-09-26,/blog/privacy-and-security,0,1,0,2
2026-09-26,/blog/trip-expense-management-app-2026,0,1,0,11
2026-09-26,/blog/tripcase-alternative-2025,0,18,0,11.83
2026-09-26,/blog/tripcase-shutdown-what-now,1,60,0.0167,7.08
2026-09-26,/blog/tripit-vs-tripcache-comparison-2025,0,6,0,11.17
2026-09-26,/features/business-travel-expenses,0,3,0,6.33
2026-09-26,/features/email-to-itinerary,0,1,0,8
2026-09-26,/pricing,0,3,0,32
2026-09-26,/privacy,0,2,0,2
2026-09-26,/terms,0,2,0,2
2026-09-27,/,1,20,0.05,14.75
2026-09-27,/about,0,2,0,45.5
2026-09-27,/alternatives/tripcase,0,1,0,62
2026-09-27,/blog,0,4,0,56.5
2026-09-27,/blog/best-travel-apps-2025,0,20,0,8.05
2026-09-27,/blog/best-travel-document-organizer-app-2026,0,17,0,9.29
2026-09-27,/blog/best-tripit-alternatives-2026,0,12,0,15.42
2026-09-27,/blog/organize-travel-confirmation-emails-2026,0,5,0,11.6
2026-09-27,/blog/trip-map-itinerary-planner-app-2026,0,2,0,2.5
2026-09-27,/blog/tripcase-alternative-2025,0,28,0,10.39
2026-09-27,/blog/tripcase-shutdown-what-now,0,61,0,6.38
2026-09-27,/blog/tripit-vs-tripcache-comparison-2025,0,4,0,13
2026-09-27,/features,0,1,0,10
2026-09-27,/pricing,0,4,0,25.75
2026-09-28,/,0,11,0,10.09
2026-09-28,/about,0,2,0,1.5
2026-09-28,/blog,0,1,0,61
2026-09-28,/blog/ai-travel-organizer-app-2026,0,3,0,9.67
2026-09-28,/blog/best-travel-apps-2025,0,15,0,11.4
2026-09-28,/blog/best-travel-document-organizer-app-2026,0,20,0,8.3
2026-09-28,/blog/best-tripit-alternatives-2026,0,10,0,16
2026-09-28,/blog/hotel-cancellation-reminder-app-2026,0,9,0,7.22
2026-09-28,/blog/organize-travel-confirmation-emails-2026,0,9,0,4.67
2026-09-28,/blog/privacy-and-security,0,2,0,3.5
2026-09-28,/blog/trip-map-itinerary-planner-app-2026,0,1,0,6
2026-09-28,/blog/tripcase-alternative-2025,0,18,0,9
2026-09-28,/blog/tripcase-shutdown-what-now,0,87,0,6.69
2026-09-28,/blog/tripit-vs-tripcache-comparison-2025,0,1,0,25
2026-09-28,/features/business-travel-expenses,0,1,0,9
2026-09-28,/features/cancellation-reminders,0,2,0,5
2026-09-28,/features/email-to-itinerary,0,2,0,9
2026-09-28,/pricing,0,3,0,2.33
2026-09-28,/privacy,0,1,0,2
2026-09-28,/terms,0,1,0,2
2026-09-29,/,0,6,0,2.33
2026-09-29,/about,0,1,0,1
2026-09-29,/alternatives/tripcase,0,1,0,7
2026-09-29,/alternatives/tripit,0,2,0,32
2026-09-29,/blog/ai-travel-organizer-app-2026,1,3,0.3333,6.33
2026-09-29,/blog/best-travel-apps-2025,0,13,0,18.62
2026-09-29,/blog/best-travel-document-organizer-app-2026,0,17,0,10.41
2026-09-29,/blog/best-tripit-alternatives-2026,0,5,0,9.4
2026-09-29,/blog/business-travel-expense-reporting-app-2026,0,3,0,3.67
2026-09-29,/blog/hotel-cancellation-reminder-app-2026,0,1,0,9
2026-09-29,/blog/organize-travel-confirmation-emails-2026,0,11,0,11.36
2026-09-29,/blog/privacy-and-security,0,4,0,4.75
2026-09-29,/blog/tripcase-alternative-2025,0,13,0,10.77
2026-09-29,/blog/tripcase-shutdown-what-now,0,65,0,7.14
2026-09-29,/blog/tripit-vs-tripcache-comparison-2025,0,2,0,15
2026-09-29,/features/email-to-itinerary,0,2,0,1
2026-09-29,/pricing,0,1,0,1
