keyword,cluster,intent,volume_us,volume_au,volume_gb,volume_ca,kd,cpc,serp_features,tripcache_position,tripcache_url,best_competitor,recommended_target,priority,rationale
best travel apps for planning,Best travel / planning apps (listicle),commercial,2900,4400,2400,590,53,4.28,sitelinks|reviews|video|video_carousel|people_also_ask|related_searches|discussions_forums|code52,gsc:6.1 (493 impr/28d); best page /blog/best-travel-apps-2025 @ 6.2,/blog/best-travel-apps-2025,wanderlog.com #1; SERP #1 directiveadventure.com,/blog/best-travel-apps-2025,P1,"Listicle SERP (directiveadventure, suewherewhywhat, wanderingkenzie, wanderfullyrylie, amanda-wanders = small blogs) -> winnable. AU volume 4.4K for 'best travel apps for planning' and GSC already shows pos ~6 with 492 impressions/28d but 0 clicks -> fix title/snippet + freshen. Consider 301 to an evergreen slug. Quick win: already at position 6. Competing URLs: /blog/ai-trip-planner-2026, /blog/travel-booking-organizer-app-2026, /blog/trip-map-itinerary-planner-app-2026 overlap."
best travel apps,Best travel / planning apps (listicle),commercial,1300,170,260,110,31,2.43,sitelinks|reviews|video|people_also_ask|related_searches|discussions_forums|code52,,,,/blog/best-travel-apps-2025,P1,"Listicle SERP (directiveadventure, suewherewhywhat, wanderingkenzie, wanderfullyrylie, amanda-wanders = small blogs) -> winnable. AU volume 4.4K for 'best travel apps for planning' and GSC already shows pos ~6 with 492 impressions/28d but 0 clicks -> fix title/snippet + freshen. Consider 301 to an evergreen slug. Competing URLs: /blog/ai-trip-planner-2026, /blog/travel-booking-organizer-app-2026, /blog/trip-map-itinerary-planner-app-2026 overlap."
best travel planning apps,Best travel / planning apps (listicle),commercial,1300,320,260,210,46,1.39,sitelinks|reviews|video|video_carousel|people_also_ask|related_searches|discussions_forums|code52,gsc:50.7 (23 impr/28d); best page /blog/best-travel-apps-2025 @ 50.7,/blog/best-travel-apps-2025,tripit.com #7,/blog/best-travel-apps-2025,P1,"Listicle SERP (directiveadventure, suewherewhywhat, wanderingkenzie, wanderfullyrylie, amanda-wanders = small blogs) -> winnable. AU volume 4.4K for 'best travel apps for planning' and GSC already shows pos ~6 with 492 impressions/28d but 0 clicks -> fix title/snippet + freshen. Consider 301 to an evergreen slug. Competing URLs: /blog/ai-trip-planner-2026, /blog/travel-booking-organizer-app-2026, /blog/trip-map-itinerary-planner-app-2026 overlap."
best trip planning app,Best travel / planning apps (listicle),commercial,1000,210,170,210,45,1.39,sitelinks|reviews|video|people_also_ask|related_searches|discussions_forums|code52,gsc:52.4 (5 impr/28d),,tripit.com #8,/blog/best-travel-apps-2025,P1,"Listicle SERP (directiveadventure, suewherewhywhat, wanderingkenzie, wanderfullyrylie, amanda-wanders = small blogs) -> winnable. AU volume 4.4K for 'best travel apps for planning' and GSC already shows pos ~6 with 492 impressions/28d but 0 clicks -> fix title/snippet + freshen. Consider 301 to an evergreen slug. Competing URLs: /blog/ai-trip-planner-2026, /blog/travel-booking-organizer-app-2026, /blog/trip-map-itinerary-planner-app-2026 overlap."
best travel app,Best travel / planning apps (listicle),commercial,720,110,90,110,24,2.43,sitelinks|reviews|video|people_also_ask|related_searches|code52,,,,/blog/best-travel-apps-2025,P1,"Listicle SERP (directiveadventure, suewherewhywhat, wanderingkenzie, wanderfullyrylie, amanda-wanders = small blogs) -> winnable. AU volume 4.4K for 'best travel apps for planning' and GSC already shows pos ~6 with 492 impressions/28d but 0 clicks -> fix title/snippet + freshen. Consider 301 to an evergreen slug. Competing URLs: /blog/ai-trip-planner-2026, /blog/travel-booking-organizer-app-2026, /blog/trip-map-itinerary-planner-app-2026 overlap."
best app to plan travel,Best travel / planning apps (listicle),commercial,480,320,210,260,33,1.78,sitelinks|reviews|video|people_also_ask|related_searches|discussions_forums|code52,semrush_us:44; gsc:46.0 (1 impr/28d),/blog/best-travel-apps-2025,,/blog/best-travel-apps-2025,P1,"Listicle SERP (directiveadventure, suewherewhywhat, wanderingkenzie, wanderfullyrylie, amanda-wanders = small blogs) -> winnable. AU volume 4.4K for 'best travel apps for planning' and GSC already shows pos ~6 with 492 impressions/28d but 0 clicks -> fix title/snippet + freshen. Consider 301 to an evergreen slug. Competing URLs: /blog/ai-trip-planner-2026, /blog/travel-booking-organizer-app-2026, /blog/trip-map-itinerary-planner-app-2026 overlap."
best travel itinerary app,Best travel / planning apps (listicle),commercial,480,210,90,90,32,1.04,sitelinks|reviews|video|people_also_ask|related_searches|discussions_forums|code52,semrush_au:39; gsc:52.3 (34 impr/28d); best page /blog/best-travel-apps-2025 @ 52.3,/blog/best-travel-apps-2025,tripit.com #6; SERP #1 directiveadventure.com,/blog/best-travel-apps-2025,P1,"Listicle SERP (directiveadventure, suewherewhywhat, wanderingkenzie, wanderfullyrylie, amanda-wanders = small blogs) -> winnable. AU volume 4.4K for 'best travel apps for planning' and GSC already shows pos ~6 with 492 impressions/28d but 0 clicks -> fix title/snippet + freshen. Consider 301 to an evergreen slug. Competing URLs: /blog/ai-trip-planner-2026, /blog/travel-booking-organizer-app-2026, /blog/trip-map-itinerary-planner-app-2026 overlap."
best traveling apps,Best travel / planning apps (listicle),commercial,480,,,,24,2.43,sitelinks|reviews|video|people_also_ask|related_searches|discussions_forums|code52,,,,/blog/best-travel-apps-2025,P1,"Listicle SERP (directiveadventure, suewherewhywhat, wanderingkenzie, wanderfullyrylie, amanda-wanders = small blogs) -> winnable. AU volume 4.4K for 'best travel apps for planning' and GSC already shows pos ~6 with 492 impressions/28d but 0 clicks -> fix title/snippet + freshen. Consider 301 to an evergreen slug. Competing URLs: /blog/ai-trip-planner-2026, /blog/travel-booking-organizer-app-2026, /blog/trip-map-itinerary-planner-app-2026 overlap."
best apps for planning travel,Best travel / planning apps (listicle),commercial,390,,,,29,1.78,sitelinks|reviews|video|video_carousel|people_also_ask|related_searches|discussions_forums|code52,semrush_us:42; gsc:45.0 (1 impr/28d),/blog/best-travel-apps-2025,,/blog/best-travel-apps-2025,P1,"Listicle SERP (directiveadventure, suewherewhywhat, wanderingkenzie, wanderfullyrylie, amanda-wanders = small blogs) -> winnable. AU volume 4.4K for 'best travel apps for planning' and GSC already shows pos ~6 with 492 impressions/28d but 0 clicks -> fix title/snippet + freshen. Consider 301 to an evergreen slug. Competing URLs: /blog/ai-trip-planner-2026, /blog/travel-booking-organizer-app-2026, /blog/trip-map-itinerary-planner-app-2026 overlap."
best trip planner app,Best travel / planning apps (listicle),commercial,320,140,110,170,39,1.52,sitelinks|reviews|video|video_carousel|people_also_ask|related_searches|discussions_forums|code52,gsc:52.9 (8 impr/28d),,,/blog/best-travel-apps-2025,P1,"Listicle SERP (directiveadventure, suewherewhywhat, wanderingkenzie, wanderfullyrylie, amanda-wanders = small blogs) -> winnable. AU volume 4.4K for 'best travel apps for planning' and GSC already shows pos ~6 with 492 impressions/28d but 0 clicks -> fix title/snippet + freshen. Consider 301 to an evergreen slug. Competing URLs: /blog/ai-trip-planner-2026, /blog/travel-booking-organizer-app-2026, /blog/trip-map-itinerary-planner-app-2026 overlap."
best itinerary app,Best travel / planning apps (listicle),commercial,260,170,110,90,45,0.76,sitelinks|reviews|video|people_also_ask|related_searches|discussions_forums|code52,gsc:51.9 (42 impr/28d); best page /blog/best-travel-apps-2025 @ 51.9,/blog/best-travel-apps-2025,,/blog/best-travel-apps-2025,P1,"Listicle SERP (directiveadventure, suewherewhywhat, wanderingkenzie, wanderfullyrylie, amanda-wanders = small blogs) -> winnable. AU volume 4.4K for 'best travel apps for planning' and GSC already shows pos ~6 with 492 impressions/28d but 0 clicks -> fix title/snippet + freshen. Consider 301 to an evergreen slug. Competing URLs: /blog/ai-trip-planner-2026, /blog/travel-booking-organizer-app-2026, /blog/trip-map-itinerary-planner-app-2026 overlap."
best travel planner app,Best travel / planning apps (listicle),commercial,260,,,,40,1.52,sitelinks|reviews|video|people_also_ask|related_searches|discussions_forums|code52,gsc:50.4 (12 impr/28d); best page /blog/best-travel-apps-2025 @ 50.4,/blog/best-travel-apps-2025,,/blog/best-travel-apps-2025,P1,"Listicle SERP (directiveadventure, suewherewhywhat, wanderingkenzie, wanderfullyrylie, amanda-wanders = small blogs) -> winnable. AU volume 4.4K for 'best travel apps for planning' and GSC already shows pos ~6 with 492 impressions/28d but 0 clicks -> fix title/snippet + freshen. Consider 301 to an evergreen slug. Competing URLs: /blog/ai-trip-planner-2026, /blog/travel-booking-organizer-app-2026, /blog/trip-map-itinerary-planner-app-2026 overlap."
best travel planning app,Best travel / planning apps (listicle),commercial,260,,,,51,1.52,sitelinks|reviews|video|people_also_ask|related_searches|discussions_forums|code52,gsc:46.1 (11 impr/28d); best page /blog/best-travel-apps-2025 @ 46.1,/blog/best-travel-apps-2025,,/blog/best-travel-apps-2025,P1,"Listicle SERP (directiveadventure, suewherewhywhat, wanderingkenzie, wanderfullyrylie, amanda-wanders = small blogs) -> winnable. AU volume 4.4K for 'best travel apps for planning' and GSC already shows pos ~6 with 492 impressions/28d but 0 clicks -> fix title/snippet + freshen. Consider 301 to an evergreen slug. Competing URLs: /blog/ai-trip-planner-2026, /blog/travel-booking-organizer-app-2026, /blog/trip-map-itinerary-planner-app-2026 overlap."
best travel apps 2026,Best travel / planning apps (listicle),commercial,210,10,10,30,24,3.2,sitelinks|reviews|video|video_carousel|people_also_ask|related_searches|code52,gsc:20.0 (1 impr/28d),,,/blog/best-travel-apps-2025,P1,"Listicle SERP (directiveadventure, suewherewhywhat, wanderingkenzie, wanderfullyrylie, amanda-wanders = small blogs) -> winnable. AU volume 4.4K for 'best travel apps for planning' and GSC already shows pos ~6 with 492 impressions/28d but 0 clicks -> fix title/snippet + freshen. Consider 301 to an evergreen slug. Quick win: already at position 20. Competing URLs: /blog/ai-trip-planner-2026, /blog/travel-booking-organizer-app-2026, /blog/trip-map-itinerary-planner-app-2026 overlap."
flight time calculator,Flight time / arrival time calculator,informational,3600,210,720,390,31,0.99,reviews|video|related_searches,,,SERP #1 airplanemanager.com,NEW:/tools/flight-arrival-time-calculator,P1,"Tool already in progress. 'flight time calculator' 3.6K US / 720 UK, KD 23-31; top 10 is all small single-purpose tool sites (airplanemanager, travelmath, flighttimecalculator.org) -> winnable with a fast tool. Make sure it also outputs duration, not only local arrival time."
flight travel time estimator,Flight time / arrival time calculator,informational,2400,,,,43,0.99,reviews|video|related_searches|code52,,,,NEW:/tools/flight-arrival-time-calculator,P1,"Tool already in progress. 'flight time calculator' 3.6K US / 720 UK, KD 23-31; top 10 is all small single-purpose tool sites (airplanemanager, travelmath, flighttimecalculator.org) -> winnable with a fast tool. Make sure it also outputs duration, not only local arrival time."
flight time estimator,Flight time / arrival time calculator,commercial,1300,140,170,260,24,0.03,video|people_also_ask|related_searches,,,,NEW:/tools/flight-arrival-time-calculator,P1,"Tool already in progress. 'flight time calculator' 3.6K US / 720 UK, KD 23-31; top 10 is all small single-purpose tool sites (airplanemanager, travelmath, flighttimecalculator.org) -> winnable with a fast tool. Make sure it also outputs duration, not only local arrival time."
arrival time calculator,Flight time / arrival time calculator,informational,170,20,20,20,30,0,,,,,NEW:/tools/flight-arrival-time-calculator,P1,"Tool already in progress. 'flight time calculator' 3.6K US / 720 UK, KD 23-31; top 10 is all small single-purpose tool sites (airplanemanager, travelmath, flighttimecalculator.org) -> winnable with a fast tool. Make sure it also outputs duration, not only local arrival time."
flight arrival time calculator,Flight time / arrival time calculator,informational,70,20,20,20,19,0,,,,,NEW:/tools/flight-arrival-time-calculator,P1,"Tool already in progress. 'flight time calculator' 3.6K US / 720 UK, KD 23-31; top 10 is all small single-purpose tool sites (airplanemanager, travelmath, flighttimecalculator.org) -> winnable with a fast tool. Make sure it also outputs duration, not only local arrival time."
flight time zone calculator,Flight time / arrival time calculator,informational,50,,,,29,0,,,,,NEW:/tools/flight-arrival-time-calculator,P1,"Tool already in progress. 'flight time calculator' 3.6K US / 720 UK, KD 23-31; top 10 is all small single-purpose tool sites (airplanemanager, travelmath, flighttimecalculator.org) -> winnable with a fast tool. Make sure it also outputs duration, not only local arrival time."
time zone calculator flight,Flight time / arrival time calculator,informational,50,,,,42,0,,,,,NEW:/tools/flight-arrival-time-calculator,P1,"Tool already in progress. 'flight time calculator' 3.6K US / 720 UK, KD 23-31; top 10 is all small single-purpose tool sites (airplanemanager, travelmath, flighttimecalculator.org) -> winnable with a fast tool. Make sure it also outputs duration, not only local arrival time."
hotel cancellation policy,Hotel cancellation policy (generic),informational,1000,20,70,70,17,2.66,sitelinks|reviews|video|related_searches|discussions_forums|code52,,,SERP #1 reddit.com,NEW:/guides/hotel-cancellation-policies,P1,"1K US for 'hotel cancellation policy' with KD 17; top 10 includes Reddit, a trade association, Hilton help, small blogs -> winnable. Directly sells the free-cancellation reminder feature; embed the existing deadline calculator. Competing URLs: /tools/hotel-cancellation-deadline-calculator, /blog/hotel-cancellation-reminder-app-2026, /blog/free-cancellation-reminder-travel-bookings-2026, /features/cancellation-reminders (keep them linked; one hub owns the generic query)."
cancelation policy hotel,Hotel cancellation policy (generic),informational,480,,,,25,2.7,sitelinks|video|people_also_ask|related_searches|code52,,,,NEW:/guides/hotel-cancellation-policies,P1,"1K US for 'hotel cancellation policy' with KD 17; top 10 includes Reddit, a trade association, Hilton help, small blogs -> winnable. Directly sells the free-cancellation reminder feature; embed the existing deadline calculator. Competing URLs: /tools/hotel-cancellation-deadline-calculator, /blog/hotel-cancellation-reminder-app-2026, /blog/free-cancellation-reminder-travel-bookings-2026, /features/cancellation-reminders (keep them linked; one hub owns the generic query)."
hotel cancellation fee,Hotel cancellation policy (generic),informational,260,20,20,20,21,0,sitelinks|video|people_also_ask|related_searches|code52,,,,NEW:/guides/hotel-cancellation-policies,P1,"1K US for 'hotel cancellation policy' with KD 17; top 10 includes Reddit, a trade association, Hilton help, small blogs -> winnable. Directly sells the free-cancellation reminder feature; embed the existing deadline calculator. Competing URLs: /tools/hotel-cancellation-deadline-calculator, /blog/hotel-cancellation-reminder-app-2026, /blog/free-cancellation-reminder-travel-bookings-2026, /features/cancellation-reminders (keep them linked; one hub owns the generic query)."
can you cancel hotel reservations,Hotel cancellation policy (generic),informational,210,20,20,20,30,0,sitelinks|video|people_also_ask|related_searches|short_videos|code52,,,,NEW:/guides/hotel-cancellation-policies,P1,"1K US for 'hotel cancellation policy' with KD 17; top 10 includes Reddit, a trade association, Hilton help, small blogs -> winnable. Directly sells the free-cancellation reminder feature; embed the existing deadline calculator. Competing URLs: /tools/hotel-cancellation-deadline-calculator, /blog/hotel-cancellation-reminder-app-2026, /blog/free-cancellation-reminder-travel-bookings-2026, /features/cancellation-reminders (keep them linked; one hub owns the generic query)."
non refundable hotel cancellation,Hotel cancellation policy (generic),informational,50,,,,24,0,,,,,NEW:/guides/hotel-cancellation-policies,P1,"1K US for 'hotel cancellation policy' with KD 17; top 10 includes Reddit, a trade association, Hilton help, small blogs -> winnable. Directly sells the free-cancellation reminder feature; embed the existing deadline calculator. Competing URLs: /tools/hotel-cancellation-deadline-calculator, /blog/hotel-cancellation-reminder-app-2026, /blog/free-cancellation-reminder-travel-bookings-2026, /features/cancellation-reminders (keep them linked; one hub owns the generic query)."
google doc itinerary template,Itinerary template - Google Docs,informational,1900,,,,20,2.83,image_pack|reviews|video|related_searches,,,,NEW:/templates/travel-itinerary-google-docs,P1,"KD 17-31, 1.3-1.9K US each; format-specific page."
travel itinerary template google docs,Itinerary template - Google Docs,commercial,1900,,,,18,2.83,reviews|video|video_carousel|people_also_ask|related_searches|code52,,,,NEW:/templates/travel-itinerary-google-docs,P1,"KD 17-31, 1.3-1.9K US each; format-specific page."
itinerary template google docs,Itinerary template - Google Docs,informational,1600,170,110,210,17,2.83,image_pack|reviews|video|people_also_ask|related_searches,,,,NEW:/templates/travel-itinerary-google-docs,P1,"KD 17-31, 1.3-1.9K US each; format-specific page."
google docs itinerary template,Itinerary template - Google Docs,informational,1300,,,,23,2.83,image_pack|reviews|video|image|people_also_ask|related_searches|code52,,,,NEW:/templates/travel-itinerary-google-docs,P1,"KD 17-31, 1.3-1.9K US each; format-specific page."
google docs travel itinerary template,Itinerary template - Google Docs,informational,880,,,,31,2.83,image_pack|reviews|video_carousel|related_searches,,,,NEW:/templates/travel-itinerary-google-docs,P1,"KD 17-31, 1.3-1.9K US each; format-specific page."
how to create a travel itinerary in google docs,Itinerary template - Google Docs,informational,70,,,,29,0,,,,,NEW:/templates/travel-itinerary-google-docs,P1,"KD 17-31, 1.3-1.9K US each; format-specific page."
travel itinerary template google sheets,Itinerary template - Google Sheets,informational,1300,140,20,170,14,1.24,sitelinks|video|video_carousel|related_searches|code52,,,,NEW:/templates/travel-itinerary-google-sheets,P1,"KD 10-20 (lowest in the template cluster), 720-1.3K US each; format-specific intent deserves its own page linked from the main template page."
google sheets travel itinerary template,Itinerary template - Google Sheets,informational,720,,,,20,2.34,sitelinks|reviews|video|video_carousel|related_searches|code52,,,,NEW:/templates/travel-itinerary-google-sheets,P1,"KD 10-20 (lowest in the template cluster), 720-1.3K US each; format-specific intent deserves its own page linked from the main template page."
itinerary template google sheets,Itinerary template - Google Sheets,informational,720,,,,10,1.83,sitelinks|reviews|video|video_carousel|related_searches|code52,,,,NEW:/templates/travel-itinerary-google-sheets,P1,"KD 10-20 (lowest in the template cluster), 720-1.3K US each; format-specific intent deserves its own page linked from the main template page."
travel document app,Travel document app,informational,110,40,0,0,38,1.83,reviews|video|people_also_ask|related_searches|code52,semrush_us:18,/blog/best-travel-document-organizer-app-2026,,/blog/best-travel-document-organizer-app-2026,P1,"Quick win: page already ranks 14-18 (US 'travel document app', UK 'app for travel documents', CA 'app for travel documents' 260/mo). CA 'travel documents app' 320/mo KD 27. Quick win: already at position 18."
travel document organizer app,Travel document app,,20,,,,,0,,gsc:13.4 (16 impr/28d); best page /blog/best-travel-document-organizer-app-2026 @ 13.4,/blog/best-travel-document-organizer-app-2026,,/blog/best-travel-document-organizer-app-2026,P1,"Quick win: page already ranks 14-18 (US 'travel document app', UK 'app for travel documents', CA 'app for travel documents' 260/mo). CA 'travel documents app' 320/mo KD 27. Quick win: already at position 13."
app for travel documents,Travel document app,informational,,30,110,260,41 (non-US),,reviews|video|people_also_ask|related_searches|code52,semrush_gb:16; semrush_ca:14; gsc:12.8 (6 impr/28d); best page /blog/best-travel-document-organizer-app-2026 @ 12.8,/blog/best-travel-document-organizer-app-2026,,/blog/best-travel-document-organizer-app-2026,P1,"Quick win: page already ranks 14-18 (US 'travel document app', UK 'app for travel documents', CA 'app for travel documents' 260/mo). CA 'travel documents app' 320/mo KD 27. Quick win: already at position 13."
travel documents app,Travel document app,informational,,10,140,320,27 (non-US),,reviews|video|people_also_ask|related_searches|code52,semrush_gb:17; gsc:18.0 (1 impr/28d); best page /blog/best-travel-document-organizer-app-2026 @ 18.0,/blog/best-travel-document-organizer-app-2026,,/blog/best-travel-document-organizer-app-2026,P1,"Quick win: page already ranks 14-18 (US 'travel document app', UK 'app for travel documents', CA 'app for travel documents' 260/mo). CA 'travel documents app' 320/mo KD 27. Quick win: already at position 17."
travel itinerary template,Travel itinerary template,informational,90500,4400,8100,4400,41,1.05,image_pack|sitelinks|reviews|video|image|people_also_ask|related_searches,,,SERP #1 canva.com,/blog/travel-itinerary-template-2026,P1,"Largest relevant volume found (travel itinerary template 90.5K US, 8.1K UK, 4.4K AU/CA; KD 35-47). SERP = Canva, gdoc.io, Notion, Adobe plus small blogs (gatherandgotravel, yourcocotrip) -> winnable with a genuinely downloadable template (Docs/Sheets/Excel/PDF) and a 'skip the template, forward your emails' CTA."
itinerary template,Travel itinerary template,informational,14800,2400,1900,1600,45,1.05,image_pack|sitelinks|reviews|video|image|video_carousel|people_also_ask|related_searches|discussions_forums,,,,/blog/travel-itinerary-template-2026,P1,"Largest relevant volume found (travel itinerary template 90.5K US, 8.1K UK, 4.4K AU/CA; KD 35-47). SERP = Canva, gdoc.io, Notion, Adobe plus small blogs (gatherandgotravel, yourcocotrip) -> winnable with a genuinely downloadable template (Docs/Sheets/Excel/PDF) and a 'skip the template, forward your emails' CTA."
itinerary format template,Travel itinerary template,informational,9900,,,,36,1.05,image_pack|sitelinks|reviews|video|image|people_also_ask|related_searches,,,,/blog/travel-itinerary-template-2026,P1,"Largest relevant volume found (travel itinerary template 90.5K US, 8.1K UK, 4.4K AU/CA; KD 35-47). SERP = Canva, gdoc.io, Notion, Adobe plus small blogs (gatherandgotravel, yourcocotrip) -> winnable with a genuinely downloadable template (Docs/Sheets/Excel/PDF) and a 'skip the template, forward your emails' CTA."
trip itinerary template,Travel itinerary template,informational,9900,1000,880,1300,35,1.05,image_pack|sitelinks|reviews|video|image|people_also_ask|related_searches|code52,,,,/blog/travel-itinerary-template-2026,P1,"Largest relevant volume found (travel itinerary template 90.5K US, 8.1K UK, 4.4K AU/CA; KD 35-47). SERP = Canva, gdoc.io, Notion, Adobe plus small blogs (gatherandgotravel, yourcocotrip) -> winnable with a genuinely downloadable template (Docs/Sheets/Excel/PDF) and a 'skip the template, forward your emails' CTA."
free itinerary template,Travel itinerary template,informational,1600,,,,39,0.94,image_pack|reviews|video|image|people_also_ask|related_searches,,,,/blog/travel-itinerary-template-2026,P1,"Largest relevant volume found (travel itinerary template 90.5K US, 8.1K UK, 4.4K AU/CA; KD 35-47). SERP = Canva, gdoc.io, Notion, Adobe plus small blogs (gatherandgotravel, yourcocotrip) -> winnable with a genuinely downloadable template (Docs/Sheets/Excel/PDF) and a 'skip the template, forward your emails' CTA."
vacation itinerary template,Travel itinerary template,informational,1600,210,210,170,24,0.67,image_pack|sitelinks|reviews|video|image|people_also_ask|related_searches,,,,/blog/travel-itinerary-template-2026,P1,"Largest relevant volume found (travel itinerary template 90.5K US, 8.1K UK, 4.4K AU/CA; KD 35-47). SERP = Canva, gdoc.io, Notion, Adobe plus small blogs (gatherandgotravel, yourcocotrip) -> winnable with a genuinely downloadable template (Docs/Sheets/Excel/PDF) and a 'skip the template, forward your emails' CTA."
free travel itinerary template,Travel itinerary template,informational,1300,170,210,140,32,0.94,image_pack|sitelinks|reviews|video|image|video_carousel|related_searches,,,,/blog/travel-itinerary-template-2026,P1,"Largest relevant volume found (travel itinerary template 90.5K US, 8.1K UK, 4.4K AU/CA; KD 35-47). SERP = Canva, gdoc.io, Notion, Adobe plus small blogs (gatherandgotravel, yourcocotrip) -> winnable with a genuinely downloadable template (Docs/Sheets/Excel/PDF) and a 'skip the template, forward your emails' CTA."
itinerary template free,Travel itinerary template,informational,1000,,,,34,0.94,sitelinks|reviews|video|image|people_also_ask|related_searches,,,,/blog/travel-itinerary-template-2026,P1,"Largest relevant volume found (travel itinerary template 90.5K US, 8.1K UK, 4.4K AU/CA; KD 35-47). SERP = Canva, gdoc.io, Notion, Adobe plus small blogs (gatherandgotravel, yourcocotrip) -> winnable with a genuinely downloadable template (Docs/Sheets/Excel/PDF) and a 'skip the template, forward your emails' CTA."
travel itinerary template free,Travel itinerary template,informational,720,,,,30,0.94,sitelinks|reviews|video|image|related_searches|code52,,,,/blog/travel-itinerary-template-2026,P1,"Largest relevant volume found (travel itinerary template 90.5K US, 8.1K UK, 4.4K AU/CA; KD 35-47). SERP = Canva, gdoc.io, Notion, Adobe plus small blogs (gatherandgotravel, yourcocotrip) -> winnable with a genuinely downloadable template (Docs/Sheets/Excel/PDF) and a 'skip the template, forward your emails' CTA."
holiday itinerary template,Travel itinerary template,informational,,320,390,140,48 (non-US),,,,,,/blog/travel-itinerary-template-2026,P1,"Largest relevant volume found (travel itinerary template 90.5K US, 8.1K UK, 4.4K AU/CA; KD 35-47). SERP = Canva, gdoc.io, Notion, Adobe plus small blogs (gatherandgotravel, yourcocotrip) -> winnable with a genuinely downloadable template (Docs/Sheets/Excel/PDF) and a 'skip the template, forward your emails' CTA."
tripcase,TripCase shutdown / replacement,informational,1300,210,720,320,12,3.26,reviews|video|people_also_ask|related_searches|code52,semrush_us:12; semrush_au:11; semrush_gb:11; semrush_ca:9; gsc:11.5 (1054 impr/28d); best page /blog/tripcase-shutdown-what-now @ 7.5,/blog/tripcase-shutdown-what-now,tripit.com #1; SERP #1 tripit.com,/blog/tripcase-shutdown-what-now,P1,"TripCase is shutting down; KD 4-16. This page already ranks best (GSC 7.5-11.9; Semrush US #9-12). TripIt (/web/tripcase), Tripsy (/tripcase), Folio and mTrip all run TripCase-migration pages -> fight with one strong page. 1.3K US / 720 UK / 320 CA / 210 AU; TripIt holds #1 with /web/tripcase. Quick win: already at position 9. Competing URLs: /blog/tripcase-alternative-2025, /alternatives/tripcase, /blog, /pricing, / all rank for tripcase terms (cannibalization)."
trip case,TripCase shutdown / replacement,commercial+informational,590,170,260,110,22,5.99,reviews|video|image|people_also_ask|related_searches|code52,semrush_us:37; semrush_au:13; semrush_ca:21; gsc:10.5 (187 impr/28d); best page /blog/tripcase-shutdown-what-now @ 7.4,/blog/tripcase-alternative-2025,tripit.com #1,/blog/tripcase-shutdown-what-now,P1,"TripCase is shutting down; KD 4-16. This page already ranks best (GSC 7.5-11.9; Semrush US #9-12). TripIt (/web/tripcase), Tripsy (/tripcase), Folio and mTrip all run TripCase-migration pages -> fight with one strong page. Quick win: already at position 10. Competing URLs: /blog/tripcase-alternative-2025, /alternatives/tripcase, /blog, /pricing, / all rank for tripcase terms (cannibalization)."
tripcase app,TripCase shutdown / replacement,informational,210,40,30,40,8,0.81,sitelinks|video|people_also_ask|related_searches|code52,gsc:11.3 (167 impr/28d); best page /blog/tripcase-shutdown-what-now @ 11.9,/blog/tripcase-shutdown-what-now,,/blog/tripcase-shutdown-what-now,P1,"TripCase is shutting down; KD 4-16. This page already ranks best (GSC 7.5-11.9; Semrush US #9-12). TripIt (/web/tripcase), Tripsy (/tripcase), Folio and mTrip all run TripCase-migration pages -> fight with one strong page. Quick win: already at position 11. Competing URLs: /blog/tripcase-alternative-2025, /alternatives/tripcase, /blog, /pricing, / all rank for tripcase terms (cannibalization)."
tripcase alternative,TripCase shutdown / replacement,commercial+informational,170,40,20,50,6,1.68,sitelinks|reviews|video|people_also_ask|related_searches|discussions_forums|code52,semrush_us:16; gsc:10.7 (64 impr/28d); best page /blog/best-tripit-alternatives-2026 @ 1.0,/blog/tripcase-alternative-2025,tripit.com #2,/blog/tripcase-shutdown-what-now,P1,"TripCase is shutting down; KD 4-16. This page already ranks best (GSC 7.5-11.9; Semrush US #9-12). TripIt (/web/tripcase), Tripsy (/tripcase), Folio and mTrip all run TripCase-migration pages -> fight with one strong page. Also flag: /blog/tripcase-alternative-2025 ranks GSC 9.0 for this exact query - merge it into the main page with a 301. Quick win: already at position 11. Competing URLs: /blog/tripcase-alternative-2025, /alternatives/tripcase, /blog, /pricing, / all rank for tripcase terms (cannibalization)."
tripcase mobile app,TripCase shutdown / replacement,informational,110,,,,11,1.76,reviews|video|people_also_ask|related_searches|code52,semrush_us:13; gsc:37.2 (12 impr/28d); best page /blog/tripcase-alternative-2025 @ 13.4,/blog/tripcase-alternative-2025,tripit.com #3,/blog/tripcase-shutdown-what-now,P1,"TripCase is shutting down; KD 4-16. This page already ranks best (GSC 7.5-11.9; Semrush US #9-12). TripIt (/web/tripcase), Tripsy (/tripcase), Folio and mTrip all run TripCase-migration pages -> fight with one strong page. Quick win: already at position 13. Competing URLs: /blog/tripcase-alternative-2025, /alternatives/tripcase, /blog, /pricing, / all rank for tripcase terms (cannibalization)."
tripcase replacement,TripCase shutdown / replacement,informational,50,20,20,20,7,2.06,sitelinks|reviews|video|people_also_ask|related_searches|code52,semrush_us:9; gsc:11.5 (117 impr/28d); best page /blog/tripcase-shutdown-what-now @ 10.7,/blog/tripcase-shutdown-what-now,tripit.com #1,/blog/tripcase-shutdown-what-now,P1,"TripCase is shutting down; KD 4-16. This page already ranks best (GSC 7.5-11.9; Semrush US #9-12). TripIt (/web/tripcase), Tripsy (/tripcase), Folio and mTrip all run TripCase-migration pages -> fight with one strong page. Quick win: already at position 9. Competing URLs: /blog/tripcase-alternative-2025, /alternatives/tripcase, /blog, /pricing, / all rank for tripcase terms (cannibalization)."
trip case app,TripCase shutdown / replacement,commercial+informational,40,,,,12,1.48,reviews|video|people_also_ask|related_searches|discussions_forums|code52,semrush_us:15; gsc:8.6 (38 impr/28d); best page / @ 7.7,/blog/tripcase-shutdown-what-now,tripit.com #1,/blog/tripcase-shutdown-what-now,P1,"TripCase is shutting down; KD 4-16. This page already ranks best (GSC 7.5-11.9; Semrush US #9-12). TripIt (/web/tripcase), Tripsy (/tripcase), Folio and mTrip all run TripCase-migration pages -> fight with one strong page. Quick win: already at position 9. Competing URLs: /blog/tripcase-alternative-2025, /alternatives/tripcase, /blog, /pricing, / all rank for tripcase terms (cannibalization)."
apps like tripcase,TripCase shutdown / replacement,,20,,,,,0,,gsc:8.5 (2 impr/28d); best page /blog/tripcase-alternative-2025 @ 8.5,/blog/tripcase-alternative-2025,,/blog/tripcase-shutdown-what-now,P1,"TripCase is shutting down; KD 4-16. This page already ranks best (GSC 7.5-11.9; Semrush US #9-12). TripIt (/web/tripcase), Tripsy (/tripcase), Folio and mTrip all run TripCase-migration pages -> fight with one strong page. Quick win: already at position 8. Competing URLs: /blog/tripcase-alternative-2025, /alternatives/tripcase, /blog, /pricing, / all rank for tripcase terms (cannibalization)."
tripit vs tripcase,TripCase shutdown / replacement,,20,,,,,0,,"gsc:9.8 (4 impr/28d, /blog/tripit-vs-tripcache-comparison-2025)",/blog/tripit-vs-tripcache-comparison-2025,,/blog/tripcase-shutdown-what-now,P1,"TripCase is shutting down; KD 4-16. This page already ranks best (GSC 7.5-11.9; Semrush US #9-12). TripIt (/web/tripcase), Tripsy (/tripcase), Folio and mTrip all run TripCase-migration pages -> fight with one strong page. Quick win: already at position 10. Competing URLs: /blog/tripcase-alternative-2025, /alternatives/tripcase, /blog, /pricing, / all rank for tripcase terms (cannibalization)."
what happened to tripcase,TripCase shutdown / replacement,,20,,,,,0,,"gsc:8.8 (4 impr/28d, /blog/tripcase-alternative-2025)",/blog/tripcase-alternative-2025,,/blog/tripcase-shutdown-what-now,P1,"TripCase is shutting down; KD 4-16. This page already ranks best (GSC 7.5-11.9; Semrush US #9-12). TripIt (/web/tripcase), Tripsy (/tripcase), Folio and mTrip all run TripCase-migration pages -> fight with one strong page. Quick win: already at position 9. Competing URLs: /blog/tripcase-alternative-2025, /alternatives/tripcase, /blog, /pricing, / all rank for tripcase terms (cannibalization)."
tripit pro,TripIt Pro cost / free vs Pro,informational+navigational,1900,210,210,210,33,0.59,sitelinks|video|people_also_ask|related_searches|code52,,,tripit.com #1; SERP #1 tripit.com,/blog/tripit-vs-tripcache-comparison-2025,P1,"Price-sensitive TripIt users comparing Pro ($49/yr) - natural pitch for TripCache Pro. KD 21-33; SERP has 3rd-party reviews (thatanxioustraveller, techtalksummits, g2) so winnable. Page already gets GSC impressions at pos ~10 for 'tripit pro pricing'."
what is tripit pro,TripIt Pro cost / free vs Pro,informational,260,20,20,20,31,0,sitelinks|reviews|video|video_carousel|people_also_ask|related_searches|discussions_forums|code52,,,,/blog/tripit-vs-tripcache-comparison-2025,P1,"Price-sensitive TripIt users comparing Pro ($49/yr) - natural pitch for TripCache Pro. KD 21-33; SERP has 3rd-party reviews (thatanxioustraveller, techtalksummits, g2) so winnable. Page already gets GSC impressions at pos ~10 for 'tripit pro pricing'."
tripit pro cost,TripIt Pro cost / free vs Pro,informational,170,90,20,40,27,0.00,reviews|video|people_also_ask|related_searches|code52,,,tripsy.app #66,/blog/tripit-vs-tripcache-comparison-2025,P1,"Price-sensitive TripIt users comparing Pro ($49/yr) - natural pitch for TripCache Pro. KD 21-33; SERP has 3rd-party reviews (thatanxioustraveller, techtalksummits, g2) so winnable. Page already gets GSC impressions at pos ~10 for 'tripit pro pricing'."
tripit pro features,TripIt Pro cost / free vs Pro,informational,140,,,,26,0,reviews|video|video_carousel|people_also_ask|related_searches|discussions_forums|code52,,,,/blog/tripit-vs-tripcache-comparison-2025,P1,"Price-sensitive TripIt users comparing Pro ($49/yr) - natural pitch for TripCache Pro. KD 21-33; SERP has 3rd-party reviews (thatanxioustraveller, techtalksummits, g2) so winnable. Page already gets GSC impressions at pos ~10 for 'tripit pro pricing'."
tripit pro subscription,TripIt Pro cost / free vs Pro,informational,140,,,,30,0,video|people_also_ask|related_searches|code52,,,,/blog/tripit-vs-tripcache-comparison-2025,P1,"Price-sensitive TripIt users comparing Pro ($49/yr) - natural pitch for TripCache Pro. KD 21-33; SERP has 3rd-party reviews (thatanxioustraveller, techtalksummits, g2) so winnable. Page already gets GSC impressions at pos ~10 for 'tripit pro pricing'."
tripit pro vs free,TripIt Pro cost / free vs Pro,informational+commercial,140,20,20,20,21,0,sitelinks|reviews|video|video_carousel|people_also_ask|related_searches|discussions_forums|code52,,,,/blog/tripit-vs-tripcache-comparison-2025,P1,"Price-sensitive TripIt users comparing Pro ($49/yr) - natural pitch for TripCache Pro. KD 21-33; SERP has 3rd-party reviews (thatanxioustraveller, techtalksummits, g2) so winnable. Page already gets GSC impressions at pos ~10 for 'tripit pro pricing'."
tripit vs tripit pro,TripIt Pro cost / free vs Pro,commercial,110,,,,25,0.00,sitelinks|reviews|video|video_carousel|people_also_ask|related_searches|discussions_forums|code52,"semrush_us:25; gsc:28.5 (15 impr/28d, /blog/tripit-vs-tripcache-comparison-2025)",/blog/tripit-vs-tripcache-comparison-2025,,/blog/tripit-vs-tripcache-comparison-2025,P1,"Price-sensitive TripIt users comparing Pro ($49/yr) - natural pitch for TripCache Pro. KD 21-33; SERP has 3rd-party reviews (thatanxioustraveller, techtalksummits, g2) so winnable. Page already gets GSC impressions at pos ~10 for 'tripit pro pricing'."
tripit cost,TripIt Pro cost / free vs Pro,informational+transactional,110,,,,27,0.00,,,,tripsy.app #55,/blog/tripit-vs-tripcache-comparison-2025,P1,"Price-sensitive TripIt users comparing Pro ($49/yr) - natural pitch for TripCache Pro. KD 21-33; SERP has 3rd-party reviews (thatanxioustraveller, techtalksummits, g2) so winnable. Page already gets GSC impressions at pos ~10 for 'tripit pro pricing'."
how much is tripit pro,TripIt Pro cost / free vs Pro,informational,110,,,,33,0.00,,,,tripsy.app #65,/blog/tripit-vs-tripcache-comparison-2025,P1,"Price-sensitive TripIt users comparing Pro ($49/yr) - natural pitch for TripCache Pro. KD 21-33; SERP has 3rd-party reviews (thatanxioustraveller, techtalksummits, g2) so winnable. Page already gets GSC impressions at pos ~10 for 'tripit pro pricing'."
is tripit free,TripIt Pro cost / free vs Pro,informational,90,20,10,20,30,0,,,,,/blog/tripit-vs-tripcache-comparison-2025,P1,"Price-sensitive TripIt users comparing Pro ($49/yr) - natural pitch for TripCache Pro. KD 21-33; SERP has 3rd-party reviews (thatanxioustraveller, techtalksummits, g2) so winnable. Page already gets GSC impressions at pos ~10 for 'tripit pro pricing'."
tripit pro price,TripIt Pro cost / free vs Pro,navigational,50,,,,32,0,,"gsc:4.0 (2 impr/28d, /blog/tripit-vs-tripcache-comparison-2025)",/blog/tripit-vs-tripcache-comparison-2025,,/blog/tripit-vs-tripcache-comparison-2025,P1,"Price-sensitive TripIt users comparing Pro ($49/yr) - natural pitch for TripCache Pro. KD 21-33; SERP has 3rd-party reviews (thatanxioustraveller, techtalksummits, g2) so winnable. Page already gets GSC impressions at pos ~10 for 'tripit pro pricing'. Quick win: already at position 4."
tripit alternative,TripIt alternative,informational,70,20,20,20,3,1.86,sitelinks|reviews|video|people_also_ask|related_searches|discussions_forums|code52,"semrush_us:23; gsc:17.5 (21 impr/28d, /blog/best-tripit-alternatives-2026)",/blog/best-travel-apps-2025,tripit.com #21,/blog/best-tripit-alternatives-2026,P1,"Highest commercial-switch intent in the niche; KD 2-9. GSC shows Google prefers /blog/best-tripit-alternatives-2026 (pos 12.2) over /alternatives/tripit (43.9). Quick win: already at position 18. Competing URLs: /alternatives/tripit, /blog/tripit-alternative-cancellation-reminders-documents-2026, /blog/tripcase-alternative-2025, /blog/best-travel-apps-2025 also rank (cannibalization)."
tripit alternatives,TripIt alternative,informational,50,10,10,0,2,0.85,sitelinks|reviews|video|people_also_ask|related_searches|code52,"semrush_us:46; gsc:12.2 (51 impr/28d, /blog/best-tripit-alternatives-2026)",/alternatives/tripit,,/blog/best-tripit-alternatives-2026,P1,"Highest commercial-switch intent in the niche; KD 2-9. GSC shows Google prefers /blog/best-tripit-alternatives-2026 (pos 12.2) over /alternatives/tripit (43.9). Quick win: already at position 12. Competing URLs: /alternatives/tripit, /blog/tripit-alternative-cancellation-reminders-documents-2026, /blog/tripcase-alternative-2025, /blog/best-travel-apps-2025 also rank (cannibalization)."
wanderlog vs tripit,Wanderlog vs TripIt comparison,commercial,4400,90,20,50,22,0,sitelinks|video|video_carousel|people_also_ask|related_searches|code52,,,wanderlog.com #6; SERP #1 reddit.com,NEW:/compare/wanderlog-vs-tripit,P1,"4.4K US searches/mo, KD 21-22. Top 10 is forums (Reddit, Rick Steves, TripAdvisor, Facebook) plus small app blogs (stardrift.ai, tripstone.app, blueplanit.co) -> very winnable. Position TripCache as the 3rd option (post-booking organizer)."
tripit vs wanderlog,Wanderlog vs TripIt comparison,commercial,320,,,,21,0,sitelinks|video|video_carousel|people_also_ask|related_searches|code52,,,,NEW:/compare/wanderlog-vs-tripit,P1,"4.4K US searches/mo, KD 21-22. Top 10 is forums (Reddit, Rick Steves, TripAdvisor, Facebook) plus small app blogs (stardrift.ai, tripstone.app, blueplanit.co) -> very winnable. Position TripCache as the 3rd option (post-booking organizer)."
app in the air,App in the Air alternative,informational,590,90,210,90,12,13.84,,,,flighty.com #6; SERP #1 reddit.com,NEW:/alternatives/app-in-the-air,P2,"App in the Air shut down (2024); 590 US + 210 UK, KD 12-23. Top 10 includes Reddit, byairapp, worldtraveller73, Flighty and TripIt compare pages -> same playbook as TripCase."
travel apps,Best travel / planning apps (listicle),informational,9900,720,880,590,39,2.07,,,,tripit.com #13,/blog/best-travel-apps-2025,P2,"Listicle SERP (directiveadventure, suewherewhywhat, wanderingkenzie, wanderfullyrylie, amanda-wanders = small blogs) -> winnable. AU volume 4.4K for 'best travel apps for planning' and GSC already shows pos ~6 with 492 impressions/28d but 0 clicks -> fix title/snippet + freshen. Consider 301 to an evergreen slug. 9.9K US KD 39; TripIt ranks #13 with its homepage - listicle can compete. Competing URLs: /blog/ai-trip-planner-2026, /blog/travel-booking-organizer-app-2026, /blog/trip-map-itinerary-planner-app-2026 overlap."
best app for travel planning,Best travel / planning apps (listicle),commercial,210,,,,40,1.52,sitelinks|reviews|video|people_also_ask|related_searches|discussions_forums|code52,gsc:52.0 (1 impr/28d),,,/blog/best-travel-apps-2025,P2,"Listicle SERP (directiveadventure, suewherewhywhat, wanderingkenzie, wanderfullyrylie, amanda-wanders = small blogs) -> winnable. AU volume 4.4K for 'best travel apps for planning' and GSC already shows pos ~6 with 492 impressions/28d but 0 clicks -> fix title/snippet + freshen. Consider 301 to an evergreen slug. Competing URLs: /blog/ai-trip-planner-2026, /blog/travel-booking-organizer-app-2026, /blog/trip-map-itinerary-planner-app-2026 overlap."
best apps for travel,Best travel / planning apps (listicle),commercial,210,,,,21,2.21,sitelinks|reviews|video|related_searches|discussions_forums|code52,,,,/blog/best-travel-apps-2025,P2,"Listicle SERP (directiveadventure, suewherewhywhat, wanderingkenzie, wanderfullyrylie, amanda-wanders = small blogs) -> winnable. AU volume 4.4K for 'best travel apps for planning' and GSC already shows pos ~6 with 492 impressions/28d but 0 clicks -> fix title/snippet + freshen. Consider 301 to an evergreen slug. Competing URLs: /blog/ai-trip-planner-2026, /blog/travel-booking-organizer-app-2026, /blog/trip-map-itinerary-planner-app-2026 overlap."
best road travel apps,Best travel / planning apps (listicle),commercial,170,,,,25,0.99,sitelinks|reviews|video|video_carousel|people_also_ask|related_searches|discussions_forums|code52,,,,/blog/best-travel-apps-2025,P2,"Listicle SERP (directiveadventure, suewherewhywhat, wanderingkenzie, wanderfullyrylie, amanda-wanders = small blogs) -> winnable. AU volume 4.4K for 'best travel apps for planning' and GSC already shows pos ~6 with 492 impressions/28d but 0 clicks -> fix title/snippet + freshen. Consider 301 to an evergreen slug. Competing URLs: /blog/ai-trip-planner-2026, /blog/travel-booking-organizer-app-2026, /blog/trip-map-itinerary-planner-app-2026 overlap."
best app for planning trips,Best travel / planning apps (listicle),commercial,140,,,,31,1.78,sitelinks|reviews|video|people_also_ask|related_searches|discussions_forums|code52,semrush_us:44; gsc:48.5 (2 impr/28d),/blog/best-travel-apps-2025,,/blog/best-travel-apps-2025,P2,"Listicle SERP (directiveadventure, suewherewhywhat, wanderingkenzie, wanderfullyrylie, amanda-wanders = small blogs) -> winnable. AU volume 4.4K for 'best travel apps for planning' and GSC already shows pos ~6 with 492 impressions/28d but 0 clicks -> fix title/snippet + freshen. Consider 301 to an evergreen slug. Competing URLs: /blog/ai-trip-planner-2026, /blog/travel-booking-organizer-app-2026, /blog/trip-map-itinerary-planner-app-2026 overlap."
best travel itinerary apps,Best travel / planning apps (listicle),commercial,140,,,,39,1.49,reviews|video|people_also_ask|related_searches|discussions_forums|code52,semrush_us:55; gsc:59.0 (1 impr/28d),/blog/best-travel-apps-2025,,/blog/best-travel-apps-2025,P2,"Listicle SERP (directiveadventure, suewherewhywhat, wanderingkenzie, wanderfullyrylie, amanda-wanders = small blogs) -> winnable. AU volume 4.4K for 'best travel apps for planning' and GSC already shows pos ~6 with 492 impressions/28d but 0 clicks -> fix title/snippet + freshen. Consider 301 to an evergreen slug. Competing URLs: /blog/ai-trip-planner-2026, /blog/travel-booking-organizer-app-2026, /blog/trip-map-itinerary-planner-app-2026 overlap."
best app for itinerary,Best travel / planning apps (listicle),commercial,140,,,,39,1.04,sitelinks|reviews|video|people_also_ask|related_searches|discussions_forums|code52,,,,/blog/best-travel-apps-2025,P2,"Listicle SERP (directiveadventure, suewherewhywhat, wanderingkenzie, wanderfullyrylie, amanda-wanders = small blogs) -> winnable. AU volume 4.4K for 'best travel apps for planning' and GSC already shows pos ~6 with 492 impressions/28d but 0 clicks -> fix title/snippet + freshen. Consider 301 to an evergreen slug. Competing URLs: /blog/ai-trip-planner-2026, /blog/travel-booking-organizer-app-2026, /blog/trip-map-itinerary-planner-app-2026 overlap."
best app for trip planning,Best travel / planning apps (listicle),commercial,140,,,,61,1.52,sitelinks|reviews|video|people_also_ask|related_searches|discussions_forums|code52,,,,/blog/best-travel-apps-2025,P2,"Listicle SERP (directiveadventure, suewherewhywhat, wanderingkenzie, wanderfullyrylie, amanda-wanders = small blogs) -> winnable. AU volume 4.4K for 'best travel apps for planning' and GSC already shows pos ~6 with 492 impressions/28d but 0 clicks -> fix title/snippet + freshen. Consider 301 to an evergreen slug. Competing URLs: /blog/ai-trip-planner-2026, /blog/travel-booking-organizer-app-2026, /blog/trip-map-itinerary-planner-app-2026 overlap."
best apps for traveling,Best travel / planning apps (listicle),commercial,140,,,,25,2.43,sitelinks|video|people_also_ask|related_searches|discussions_forums|code52,,,,/blog/best-travel-apps-2025,P2,"Listicle SERP (directiveadventure, suewherewhywhat, wanderingkenzie, wanderfullyrylie, amanda-wanders = small blogs) -> winnable. AU volume 4.4K for 'best travel apps for planning' and GSC already shows pos ~6 with 492 impressions/28d but 0 clicks -> fix title/snippet + freshen. Consider 301 to an evergreen slug. Competing URLs: /blog/ai-trip-planner-2026, /blog/travel-booking-organizer-app-2026, /blog/trip-map-itinerary-planner-app-2026 overlap."
best app for travel planning free,Best travel / planning apps (listicle),commercial,110,,,,54,2.3,sitelinks|reviews|video|people_also_ask|related_searches|discussions_forums|code52,,,,/blog/best-travel-apps-2025,P2,"Listicle SERP (directiveadventure, suewherewhywhat, wanderingkenzie, wanderfullyrylie, amanda-wanders = small blogs) -> winnable. AU volume 4.4K for 'best travel apps for planning' and GSC already shows pos ~6 with 492 impressions/28d but 0 clicks -> fix title/snippet + freshen. Consider 301 to an evergreen slug. Competing URLs: /blog/ai-trip-planner-2026, /blog/travel-booking-organizer-app-2026, /blog/trip-map-itinerary-planner-app-2026 overlap."
best app for travel itinerary,Best travel / planning apps (listicle),commercial,90,,,,28,1.18,reviews|video|people_also_ask|related_searches|discussions_forums|code52,semrush_us:44; gsc:47.0 (1 impr/28d),/blog/best-travel-apps-2025,,/blog/best-travel-apps-2025,P2,"Listicle SERP (directiveadventure, suewherewhywhat, wanderingkenzie, wanderfullyrylie, amanda-wanders = small blogs) -> winnable. AU volume 4.4K for 'best travel apps for planning' and GSC already shows pos ~6 with 492 impressions/28d but 0 clicks -> fix title/snippet + freshen. Consider 301 to an evergreen slug. Competing URLs: /blog/ai-trip-planner-2026, /blog/travel-booking-organizer-app-2026, /blog/trip-map-itinerary-planner-app-2026 overlap."
best trip itinerary app,Best travel / planning apps (listicle),commercial,70,,,,58,1.27,sitelinks|reviews|video|video_carousel|people_also_ask|related_searches|discussions_forums|code52,gsc:52.0 (2 impr/28d),,,/blog/best-travel-apps-2025,P2,"Listicle SERP (directiveadventure, suewherewhywhat, wanderingkenzie, wanderfullyrylie, amanda-wanders = small blogs) -> winnable. AU volume 4.4K for 'best travel apps for planning' and GSC already shows pos ~6 with 492 impressions/28d but 0 clicks -> fix title/snippet + freshen. Consider 301 to an evergreen slug. Competing URLs: /blog/ai-trip-planner-2026, /blog/travel-booking-organizer-app-2026, /blog/trip-map-itinerary-planner-app-2026 overlap."
best travel organizer app,Best travel / planning apps (listicle),commercial,70,30,20,20,50,0.93,sitelinks|reviews|video|people_also_ask|related_searches|short_videos|discussions_forums|code52,gsc:43.9 (29 impr/28d); best page /blog/best-travel-apps-2025 @ 43.9,/blog/best-travel-apps-2025,,/blog/best-travel-apps-2025,P2,"Listicle SERP (directiveadventure, suewherewhywhat, wanderingkenzie, wanderfullyrylie, amanda-wanders = small blogs) -> winnable. AU volume 4.4K for 'best travel apps for planning' and GSC already shows pos ~6 with 492 impressions/28d but 0 clicks -> fix title/snippet + freshen. Consider 301 to an evergreen slug. Competing URLs: /blog/ai-trip-planner-2026, /blog/travel-booking-organizer-app-2026, /blog/trip-map-itinerary-planner-app-2026 overlap."
best app for planning a trip,Best travel / planning apps (listicle),commercial,70,,,,50,1.39,sitelinks|reviews|video|video_carousel|people_also_ask|related_searches|discussions_forums|code52,,,,/blog/best-travel-apps-2025,P2,"Listicle SERP (directiveadventure, suewherewhywhat, wanderingkenzie, wanderfullyrylie, amanda-wanders = small blogs) -> winnable. AU volume 4.4K for 'best travel apps for planning' and GSC already shows pos ~6 with 492 impressions/28d but 0 clicks -> fix title/snippet + freshen. Consider 301 to an evergreen slug. Competing URLs: /blog/ai-trip-planner-2026, /blog/travel-booking-organizer-app-2026, /blog/trip-map-itinerary-planner-app-2026 overlap."
best travel planner apps,Best travel / planning apps (listicle),commercial,70,,,,33,1.52,sitelinks|reviews|video|people_also_ask|related_searches|discussions_forums|code52,gsc:55.0 (1 impr/28d),,,/blog/best-travel-apps-2025,P2,"Listicle SERP (directiveadventure, suewherewhywhat, wanderingkenzie, wanderfullyrylie, amanda-wanders = small blogs) -> winnable. AU volume 4.4K for 'best travel apps for planning' and GSC already shows pos ~6 with 492 impressions/28d but 0 clicks -> fix title/snippet + freshen. Consider 301 to an evergreen slug. Competing URLs: /blog/ai-trip-planner-2026, /blog/travel-booking-organizer-app-2026, /blog/trip-map-itinerary-planner-app-2026 overlap."
best app to plan a trip itinerary,Best travel / planning apps (listicle),,50,,,,,1.89,,,,,/blog/best-travel-apps-2025,P2,"Listicle SERP (directiveadventure, suewherewhywhat, wanderingkenzie, wanderfullyrylie, amanda-wanders = small blogs) -> winnable. AU volume 4.4K for 'best travel apps for planning' and GSC already shows pos ~6 with 492 impressions/28d but 0 clicks -> fix title/snippet + freshen. Consider 301 to an evergreen slug. Competing URLs: /blog/ai-trip-planner-2026, /blog/travel-booking-organizer-app-2026, /blog/trip-map-itinerary-planner-app-2026 overlap."
best itinerary planner app,Best travel / planning apps (listicle),commercial,40,,,,39,1.22,sitelinks|reviews|video|people_also_ask|related_searches|discussions_forums|code52,semrush_us:53; gsc:54.5 (2 impr/28d),/blog/best-travel-apps-2025,,/blog/best-travel-apps-2025,P2,"Listicle SERP (directiveadventure, suewherewhywhat, wanderingkenzie, wanderfullyrylie, amanda-wanders = small blogs) -> winnable. AU volume 4.4K for 'best travel apps for planning' and GSC already shows pos ~6 with 492 impressions/28d but 0 clicks -> fix title/snippet + freshen. Consider 301 to an evergreen slug. Competing URLs: /blog/ai-trip-planner-2026, /blog/travel-booking-organizer-app-2026, /blog/trip-map-itinerary-planner-app-2026 overlap."
best travel planning apps 2026,Best travel / planning apps (listicle),commercial,40,,,,20,0.00,sitelinks|reviews|video|people_also_ask|related_searches|code52,semrush_us:53; gsc:54.0 (1 impr/28d),/blog/best-travel-apps-2025,,/blog/best-travel-apps-2025,P2,"Listicle SERP (directiveadventure, suewherewhywhat, wanderingkenzie, wanderfullyrylie, amanda-wanders = small blogs) -> winnable. AU volume 4.4K for 'best travel apps for planning' and GSC already shows pos ~6 with 492 impressions/28d but 0 clicks -> fix title/snippet + freshen. Consider 301 to an evergreen slug. Competing URLs: /blog/ai-trip-planner-2026, /blog/travel-booking-organizer-app-2026, /blog/trip-map-itinerary-planner-app-2026 overlap."
best app to organize travel,Best travel / planning apps (listicle),commercial,40,,,,,0,sitelinks|reviews|video|video_carousel|people_also_ask|related_searches|discussions_forums|code52,,,,/blog/best-travel-apps-2025,P2,"Listicle SERP (directiveadventure, suewherewhywhat, wanderingkenzie, wanderfullyrylie, amanda-wanders = small blogs) -> winnable. AU volume 4.4K for 'best travel apps for planning' and GSC already shows pos ~6 with 492 impressions/28d but 0 clicks -> fix title/snippet + freshen. Consider 301 to an evergreen slug. Competing URLs: /blog/ai-trip-planner-2026, /blog/travel-booking-organizer-app-2026, /blog/trip-map-itinerary-planner-app-2026 overlap."
best trip planning,Best travel / planning apps (listicle),commercial,40,,,,35,1.87,sitelinks|reviews|video|video_carousel|people_also_ask|related_searches,,,,/blog/best-travel-apps-2025,P2,"Listicle SERP (directiveadventure, suewherewhywhat, wanderingkenzie, wanderfullyrylie, amanda-wanders = small blogs) -> winnable. AU volume 4.4K for 'best travel apps for planning' and GSC already shows pos ~6 with 492 impressions/28d but 0 clicks -> fix title/snippet + freshen. Consider 301 to an evergreen slug. Competing URLs: /blog/ai-trip-planner-2026, /blog/travel-booking-organizer-app-2026, /blog/trip-map-itinerary-planner-app-2026 overlap."
best app to organize travel plans,Best travel / planning apps (listicle),commercial,30,,,,37,1.68,sitelinks|reviews|video|video_carousel|people_also_ask|related_searches|discussions_forums|code52,gsc:50.7 (7 impr/28d),,,/blog/best-travel-apps-2025,P2,"Listicle SERP (directiveadventure, suewherewhywhat, wanderingkenzie, wanderfullyrylie, amanda-wanders = small blogs) -> winnable. AU volume 4.4K for 'best travel apps for planning' and GSC already shows pos ~6 with 492 impressions/28d but 0 clicks -> fix title/snippet + freshen. Consider 301 to an evergreen slug. Competing URLs: /blog/ai-trip-planner-2026, /blog/travel-booking-organizer-app-2026, /blog/trip-map-itinerary-planner-app-2026 overlap."
best travel itinerary planner app,Best travel / planning apps (listicle),,30,,,,,0,,gsc:49.5 (2 impr/28d),,,/blog/best-travel-apps-2025,P2,"Listicle SERP (directiveadventure, suewherewhywhat, wanderingkenzie, wanderfullyrylie, amanda-wanders = small blogs) -> winnable. AU volume 4.4K for 'best travel apps for planning' and GSC already shows pos ~6 with 492 impressions/28d but 0 clicks -> fix title/snippet + freshen. Consider 301 to an evergreen slug. Competing URLs: /blog/ai-trip-planner-2026, /blog/travel-booking-organizer-app-2026, /blog/trip-map-itinerary-planner-app-2026 overlap."
airbnb cancellation policy,Brand cancellation policies (hotel chains / OTAs / car rental),informational,6600,590,1300,720,50,0.25,,,,,NEW:/guides/cancellation-policy/airbnb,P2,"Programmatic set: Airbnb 6.6K, Booking.com 2.9K, Enterprise 2.4K, Vrbo 2.4K, Marriott 1.6K, Avis 1.6K, Hertz 1.3K, Hilton 1K US; KD 19-51. Each page = policy summary + 'set a reminder before the deadline' CTA. Brand help pages will usually hold #1, so expect top-5 not #1. (Inference: SERPs for brand pages not checked.) Competing URLs: /blog/rental-car-cancellation-reminder-app-2026 overlaps the car-rental set."
enterprise cancellation policy,Brand cancellation policies (hotel chains / OTAs / car rental),informational,2400,20,320,320,34,0.01,,,,,NEW:/guides/cancellation-policy/enterprise,P2,"Programmatic set: Airbnb 6.6K, Booking.com 2.9K, Enterprise 2.4K, Vrbo 2.4K, Marriott 1.6K, Avis 1.6K, Hertz 1.3K, Hilton 1K US; KD 19-51. Each page = policy summary + 'set a reminder before the deadline' CTA. Brand help pages will usually hold #1, so expect top-5 not #1. (Inference: SERPs for brand pages not checked.) Competing URLs: /blog/rental-car-cancellation-reminder-app-2026 overlaps the car-rental set."
vrbo cancellation policy,Brand cancellation policies (hotel chains / OTAs / car rental),informational,2400,20,170,210,33,3.11,,,,,NEW:/guides/cancellation-policy/vrbo,P2,"Programmatic set: Airbnb 6.6K, Booking.com 2.9K, Enterprise 2.4K, Vrbo 2.4K, Marriott 1.6K, Avis 1.6K, Hertz 1.3K, Hilton 1K US; KD 19-51. Each page = policy summary + 'set a reminder before the deadline' CTA. Brand help pages will usually hold #1, so expect top-5 not #1. (Inference: SERPs for brand pages not checked.) Competing URLs: /blog/rental-car-cancellation-reminder-app-2026 overlaps the car-rental set."
marriott cancellation policy,Brand cancellation policies (hotel chains / OTAs / car rental),informational,1600,20,20,90,39,0,,,,,NEW:/guides/cancellation-policy/marriott,P2,"Programmatic set: Airbnb 6.6K, Booking.com 2.9K, Enterprise 2.4K, Vrbo 2.4K, Marriott 1.6K, Avis 1.6K, Hertz 1.3K, Hilton 1K US; KD 19-51. Each page = policy summary + 'set a reminder before the deadline' CTA. Brand help pages will usually hold #1, so expect top-5 not #1. (Inference: SERPs for brand pages not checked.) Competing URLs: /blog/rental-car-cancellation-reminder-app-2026 overlaps the car-rental set."
avis cancellation policy,Brand cancellation policies (hotel chains / OTAs / car rental),informational+navigational,1600,,,,51,0,,,,,NEW:/guides/cancellation-policy/avis,P2,"Programmatic set: Airbnb 6.6K, Booking.com 2.9K, Enterprise 2.4K, Vrbo 2.4K, Marriott 1.6K, Avis 1.6K, Hertz 1.3K, Hilton 1K US; KD 19-51. Each page = policy summary + 'set a reminder before the deadline' CTA. Brand help pages will usually hold #1, so expect top-5 not #1. (Inference: SERPs for brand pages not checked.) Competing URLs: /blog/rental-car-cancellation-reminder-app-2026 overlaps the car-rental set."
hertz cancellation policy,Brand cancellation policies (hotel chains / OTAs / car rental),informational,1300,110,110,140,35,9.72,,,,,NEW:/guides/cancellation-policy/hertz,P2,"Programmatic set: Airbnb 6.6K, Booking.com 2.9K, Enterprise 2.4K, Vrbo 2.4K, Marriott 1.6K, Avis 1.6K, Hertz 1.3K, Hilton 1K US; KD 19-51. Each page = policy summary + 'set a reminder before the deadline' CTA. Brand help pages will usually hold #1, so expect top-5 not #1. (Inference: SERPs for brand pages not checked.) Competing URLs: /blog/rental-car-cancellation-reminder-app-2026 overlaps the car-rental set."
hilton cancellation policy,Brand cancellation policies (hotel chains / OTAs / car rental),informational,1000,20,20,20,46,0,,,,,NEW:/guides/cancellation-policy/hilton,P2,"Programmatic set: Airbnb 6.6K, Booking.com 2.9K, Enterprise 2.4K, Vrbo 2.4K, Marriott 1.6K, Avis 1.6K, Hertz 1.3K, Hilton 1K US; KD 19-51. Each page = policy summary + 'set a reminder before the deadline' CTA. Brand help pages will usually hold #1, so expect top-5 not #1. (Inference: SERPs for brand pages not checked.) Competing URLs: /blog/rental-car-cancellation-reminder-app-2026 overlaps the car-rental set."
hyatt cancellation policy,Brand cancellation policies (hotel chains / OTAs / car rental),informational+transactional,880,,,,41,0,,,,,NEW:/guides/cancellation-policy/hyatt,P2,"Programmatic set: Airbnb 6.6K, Booking.com 2.9K, Enterprise 2.4K, Vrbo 2.4K, Marriott 1.6K, Avis 1.6K, Hertz 1.3K, Hilton 1K US; KD 19-51. Each page = policy summary + 'set a reminder before the deadline' CTA. Brand help pages will usually hold #1, so expect top-5 not #1. (Inference: SERPs for brand pages not checked.) Competing URLs: /blog/rental-car-cancellation-reminder-app-2026 overlaps the car-rental set."
disney hotel cancellation policy,Brand cancellation policies (hotel chains / OTAs / car rental),informational,260,,,,26,10.96,sitelinks|video|people_also_ask|related_searches|code52,,,,NEW:/guides/cancellation-policy/disney-hotels,P2,"Programmatic set: Airbnb 6.6K, Booking.com 2.9K, Enterprise 2.4K, Vrbo 2.4K, Marriott 1.6K, Avis 1.6K, Hertz 1.3K, Hilton 1K US; KD 19-51. Each page = policy summary + 'set a reminder before the deadline' CTA. Brand help pages will usually hold #1, so expect top-5 not #1. (Inference: SERPs for brand pages not checked.) Competing URLs: /blog/rental-car-cancellation-reminder-app-2026 overlaps the car-rental set."
holiday inn hotel cancellation policy,Brand cancellation policies (hotel chains / OTAs / car rental),informational,260,,,,19,0,sitelinks|reviews|people_also_ask|related_searches|code52,,,,NEW:/guides/cancellation-policy/holiday-inn,P2,"Programmatic set: Airbnb 6.6K, Booking.com 2.9K, Enterprise 2.4K, Vrbo 2.4K, Marriott 1.6K, Avis 1.6K, Hertz 1.3K, Hilton 1K US; KD 19-51. Each page = policy summary + 'set a reminder before the deadline' CTA. Brand help pages will usually hold #1, so expect top-5 not #1. (Inference: SERPs for brand pages not checked.) Competing URLs: /blog/rental-car-cancellation-reminder-app-2026 overlaps the car-rental set."
ihg cancellation policy,Brand cancellation policies (hotel chains / OTAs / car rental),informational,260,,,,31,0,,,,,NEW:/guides/cancellation-policy/ihg,P2,"Programmatic set: Airbnb 6.6K, Booking.com 2.9K, Enterprise 2.4K, Vrbo 2.4K, Marriott 1.6K, Avis 1.6K, Hertz 1.3K, Hilton 1K US; KD 19-51. Each page = policy summary + 'set a reminder before the deadline' CTA. Brand help pages will usually hold #1, so expect top-5 not #1. (Inference: SERPs for brand pages not checked.) Competing URLs: /blog/rental-car-cancellation-reminder-app-2026 overlaps the car-rental set."
choice hotels cancellation policy,Brand cancellation policies (hotel chains / OTAs / car rental),informational,210,,,,26,0.62,sitelinks|people_also_ask|related_searches|code52,,,,NEW:/guides/cancellation-policy/choice-hotels,P2,"Programmatic set: Airbnb 6.6K, Booking.com 2.9K, Enterprise 2.4K, Vrbo 2.4K, Marriott 1.6K, Avis 1.6K, Hertz 1.3K, Hilton 1K US; KD 19-51. Each page = policy summary + 'set a reminder before the deadline' CTA. Brand help pages will usually hold #1, so expect top-5 not #1. (Inference: SERPs for brand pages not checked.) Competing URLs: /blog/rental-car-cancellation-reminder-app-2026 overlaps the car-rental set."
drury hotel cancellation policy,Brand cancellation policies (hotel chains / OTAs / car rental),informational,210,,,,25,0,sitelinks|reviews|people_also_ask|related_searches|code52,,,,NEW:/guides/cancellation-policy/drury,P2,"Programmatic set: Airbnb 6.6K, Booking.com 2.9K, Enterprise 2.4K, Vrbo 2.4K, Marriott 1.6K, Avis 1.6K, Hertz 1.3K, Hilton 1K US; KD 19-51. Each page = policy summary + 'set a reminder before the deadline' CTA. Brand help pages will usually hold #1, so expect top-5 not #1. (Inference: SERPs for brand pages not checked.) Competing URLs: /blog/rental-car-cancellation-reminder-app-2026 overlaps the car-rental set."
agoda cancellation policy,Brand cancellation policies (hotel chains / OTAs / car rental),informational,110,20,20,20,21,0,,,,,NEW:/guides/cancellation-policy/agoda,P2,"Programmatic set: Airbnb 6.6K, Booking.com 2.9K, Enterprise 2.4K, Vrbo 2.4K, Marriott 1.6K, Avis 1.6K, Hertz 1.3K, Hilton 1K US; KD 19-51. Each page = policy summary + 'set a reminder before the deadline' CTA. Brand help pages will usually hold #1, so expect top-5 not #1. (Inference: SERPs for brand pages not checked.) Competing URLs: /blog/rental-car-cancellation-reminder-app-2026 overlaps the car-rental set."
rental car cancellation policy,Brand cancellation policies (hotel chains / OTAs / car rental),informational,40,,,,26,1.68,,,,,NEW:/guides/cancellation-policy/rental-car,P2,"Programmatic set: Airbnb 6.6K, Booking.com 2.9K, Enterprise 2.4K, Vrbo 2.4K, Marriott 1.6K, Avis 1.6K, Hertz 1.3K, Hilton 1K US; KD 19-51. Each page = policy summary + 'set a reminder before the deadline' CTA. Brand help pages will usually hold #1, so expect top-5 not #1. (Inference: SERPs for brand pages not checked.) Competing URLs: /blog/rental-car-cancellation-reminder-app-2026 overlaps the car-rental set."
business travel app,Business travel app,commercial,260,50,390,50,17,42.02,,,,,NEW:/business-travel,P2,"KD 17-19, 260 US / 390 UK, CPC $22-45 (very commercial). Mixed SERP likely includes booking tools (Navan, TravelPerk) - inference. A use-case landing page for frequent/business travelers fits the target user. Competing URLs: /blog/business-travel-management-guide-2026 is informational, keep it supporting."
corporate travel app,Business travel app,informational+commercial,140,,,,18,44.81,,,,,NEW:/business-travel,P2,"KD 17-19, 260 US / 390 UK, CPC $22-45 (very commercial). Mixed SERP likely includes booking tools (Navan, TravelPerk) - inference. A use-case landing page for frequent/business travelers fits the target user. Competing URLs: /blog/business-travel-management-guide-2026 is informational, keep it supporting."
best business travel apps,Business travel app,commercial,110,30,90,20,19,46.2,sitelinks|reviews|video|people_also_ask|related_searches|discussions_forums|code52,,,,NEW:/business-travel,P2,"KD 17-19, 260 US / 390 UK, CPC $22-45 (very commercial). Mixed SERP likely includes booking tools (Navan, TravelPerk) - inference. A use-case landing page for frequent/business travelers fits the target user. Competing URLs: /blog/business-travel-management-guide-2026 is informational, keep it supporting."
business travel organizer,Business travel app,commercial,90,,,,30,0,,,,,NEW:/business-travel,P2,"KD 17-19, 260 US / 390 UK, CPC $22-45 (very commercial). Mixed SERP likely includes booking tools (Navan, TravelPerk) - inference. A use-case landing page for frequent/business travelers fits the target user. Competing URLs: /blog/business-travel-management-guide-2026 is informational, keep it supporting."
travel expenses,Business travel expenses (informational/tax),informational,1600,,,,25,10.54,image_pack|people_also_ask|related_searches|code52,,,,/blog/business-travel-expense-reporting-app-2026,P2,Informational; moderate KD 17-31; good supporting content for the expense feature.
travel and expense,Business travel expenses (informational/tax),commercial,720,,,,20,10.54,sitelinks|video|people_also_ask|related_searches|code52,,,,/blog/business-travel-expense-reporting-app-2026,P2,Informational; moderate KD 17-31; good supporting content for the expense feature.
travel expense,Business travel expenses (informational/tax),informational,720,,,,22,10.54,image_pack|reviews|video|video_carousel|people_also_ask|related_searches|discussions_forums|code52,,,,/blog/business-travel-expense-reporting-app-2026,P2,Informational; moderate KD 17-31; good supporting content for the expense feature.
what travel expenses are tax deductible for self-employed,Business travel expenses (informational/tax),informational,390,,,,31,1.71,video|people_also_ask|related_searches|code52,,,,/blog/business-travel-expense-reporting-app-2026,P2,Informational; moderate KD 17-31; good supporting content for the expense feature.
business travel expenses,Business travel expenses (informational/tax),informational,320,90,210,30,25,8.43,video|ads_bottom|people_also_ask|related_searches|short_videos|discussions_forums|code52,,,,/blog/business-travel-expense-reporting-app-2026,P2,Informational; moderate KD 17-31; good supporting content for the expense feature.
apple wallet boarding pass,Digital passport copies / offline documents,informational,170,20,20,30,50,0.57,,,,,NEW:/blog/save-travel-documents-offline,P2,Guide already written but not live. 'digital copy of passport' 170 US KD 47 (Folio ranks #4 with a similar post). Publish and target this cluster.
digital copy of passport,Digital passport copies / offline documents,informational,170,30,20,20,47,1.83,,,,folio.id #4,NEW:/blog/save-travel-documents-offline,P2,Guide already written but not live. 'digital copy of passport' 170 US KD 47 (Folio ranks #4 with a similar post). Publish and target this cluster.
airbnb email itinerary,Email-to-itinerary / confirmation emails,,20,,,,,0,,,,,/features/email-to-itinerary,P2,"Low search volume (20-30) - this is a feature people don't search for by name. Use as conversion copy; rely on comparison/alternative pages for traffic. Competing URLs: /blog/email-to-trip-automation, /blog/organize-travel-confirmation-emails-2026 overlap."
amadeus email itinerary,Email-to-itinerary / confirmation emails,,20,,,,,0,,,,,/features/email-to-itinerary,P2,"Low search volume (20-30) - this is a feature people don't search for by name. Use as conversion copy; rely on comparison/alternative pages for traffic. Competing URLs: /blog/email-to-trip-automation, /blog/organize-travel-confirmation-emails-2026 overlap."
british airways email itinerary,Email-to-itinerary / confirmation emails,,20,,,,,0,,,,,/features/email-to-itinerary,P2,"Low search volume (20-30) - this is a feature people don't search for by name. Use as conversion copy; rely on comparison/alternative pages for traffic. Competing URLs: /blog/email-to-trip-automation, /blog/organize-travel-confirmation-emails-2026 overlap."
email itinerary,Email-to-itinerary / confirmation emails,,20,,,,,0,,gsc:8.7 (3 impr/28d); best page /blog/organize-travel-confirmation-emails-2026 @ 7.0,/blog/organize-travel-confirmation-emails-2026,,/features/email-to-itinerary,P2,"Low search volume (20-30) - this is a feature people don't search for by name. Use as conversion copy; rely on comparison/alternative pages for traffic. Quick win: already at position 9. Competing URLs: /blog/email-to-trip-automation, /blog/organize-travel-confirmation-emails-2026 overlap."
expedia itinerary without email,Find itinerary without confirmation email,informational,720,20,480,20,44,3.87,sitelinks|people_also_ask|related_searches|code52,,,,NEW:/blog/find-itinerary-without-confirmation-email,P2,"'expedia itinerary without email' 720 US / 480 UK, KD 35-44: a real pain point that maps exactly to TripCache's value (never lose a confirmation)."
jet lag calculator,Jet lag calculator,informational,1000,170,390,170,22,0,,,,,NEW:/tools/jet-lag-calculator,P2,"1K US / 390 UK, KD 21-24; cheap sibling tool to the arrival calculator (shared timezone logic)."
travel expense report template,Travel expense report template,informational,260,30,20,20,24,5.65,image_pack|sitelinks|reviews|video|image|people_also_ask|related_searches,,,,NEW:/templates/travel-expense-report,P2,"260 US, KD 24; template asset converts to 'export receipts as CSV' CTA."
trip expense tracker,Travel expense tracking / reports,commercial,110,20,20,20,32,5.99,,,,,/features/business-travel-expenses,P2,"High CPC ($6-21) signals money but volumes are small (30-320) and B2B SaaS (Concur, Navan, Expensify) own the head terms. Win long-tail 'trip expense tracker/app' with the feature page. Competing URLs: /blog/business-travel-expense-reporting-app-2026, /blog/trip-expense-management-app-2026 overlap."
travel expense tracker,Travel expense tracking / reports,informational+commercial,110,20,20,20,49,6.5,,,,,/features/business-travel-expenses,P2,"High CPC ($6-21) signals money but volumes are small (30-320) and B2B SaaS (Concur, Navan, Expensify) own the head terms. Win long-tail 'trip expense tracker/app' with the feature page. Competing URLs: /blog/business-travel-expense-reporting-app-2026, /blog/trip-expense-management-app-2026 overlap."
trip expense app,Travel expense tracking / reports,informational,110,,,,48,5.64,,,,,/features/business-travel-expenses,P2,"High CPC ($6-21) signals money but volumes are small (30-320) and B2B SaaS (Concur, Navan, Expensify) own the head terms. Win long-tail 'trip expense tracker/app' with the feature page. Competing URLs: /blog/business-travel-expense-reporting-app-2026, /blog/trip-expense-management-app-2026 overlap."
travel expense app,Travel expense tracking / reports,informational,70,10,30,0,50,9.78,,,,,/features/business-travel-expenses,P2,"High CPC ($6-21) signals money but volumes are small (30-320) and B2B SaaS (Concur, Navan, Expensify) own the head terms. Win long-tail 'trip expense tracker/app' with the feature page. Competing URLs: /blog/business-travel-expense-reporting-app-2026, /blog/trip-expense-management-app-2026 overlap."
travel receipts,Travel expense tracking / reports,informational,50,0,10,0,15,9.88,image_pack|sitelinks|reviews|video|people_also_ask|related_searches|things_to_know|code52,semrush_us:54; gsc:60.0 (1 impr/28d); best page /features/business-travel-expenses @ 60.0,/features/business-travel-expenses,,/features/business-travel-expenses,P2,"High CPC ($6-21) signals money but volumes are small (30-320) and B2B SaaS (Concur, Navan, Expensify) own the head terms. Win long-tail 'trip expense tracker/app' with the feature page. Competing URLs: /blog/business-travel-expense-reporting-app-2026, /blog/trip-expense-management-app-2026 overlap."
best travel expense app,Travel expense tracking / reports,commercial,40,,,,41,5.09,,,,,/features/business-travel-expenses,P2,"High CPC ($6-21) signals money but volumes are small (30-320) and B2B SaaS (Concur, Navan, Expensify) own the head terms. Win long-tail 'trip expense tracker/app' with the feature page. Competing URLs: /blog/business-travel-expense-reporting-app-2026, /blog/trip-expense-management-app-2026 overlap."
travel expense tracker app,Travel expense tracking / reports,informational,30,,,,44,2.87,,,,,/features/business-travel-expenses,P2,"High CPC ($6-21) signals money but volumes are small (30-320) and B2B SaaS (Concur, Navan, Expensify) own the head terms. Win long-tail 'trip expense tracker/app' with the feature page. Competing URLs: /blog/business-travel-expense-reporting-app-2026, /blog/trip-expense-management-app-2026 overlap."
business travel expense tracker,Travel expense tracking / reports,informational,30,,,,29,20.77,,,,,/features/business-travel-expenses,P2,"High CPC ($6-21) signals money but volumes are small (30-320) and B2B SaaS (Concur, Navan, Expensify) own the head terms. Win long-tail 'trip expense tracker/app' with the feature page. Competing URLs: /blog/business-travel-expense-reporting-app-2026, /blog/trip-expense-management-app-2026 overlap."
travel itinerary app,Travel itinerary / organizer app (product head terms),informational,1000,390,170,140,68,1.17,image_pack|reviews|video|image|people_also_ask|related_searches|code52,semrush_us:43; gsc:48.4 (11 impr/28d); best page /blog/best-travel-apps-2025 @ 48.4,/blog/best-travel-apps-2025,tripit.com #8,/,P2,"Core product terms. KD 44-79 and SERP held by App Store, Wanderlog, TripIt, listicles -> long-term homepage target. AU/UK volumes material (trip organizer app 720 AU / 590 UK). Competing URLs: /blog/best-travel-apps-2025 is the page currently ranking (#43-62); /blog/ai-travel-organizer-app-2026 and /blog/travel-booking-organizer-app-2026 overlap."
trip organizer app,Travel itinerary / organizer app (product head terms),informational,1000,720,590,320,51,1.12,,gsc:52.0 (27 impr/28d); best page /blog/best-travel-apps-2025 @ 52.0,/blog/best-travel-apps-2025,wanderlog.com #4; SERP #1 apps.apple.com,/,P2,"Core product terms. KD 44-79 and SERP held by App Store, Wanderlog, TripIt, listicles -> long-term homepage target. AU/UK volumes material (trip organizer app 720 AU / 590 UK). Competing URLs: /blog/best-travel-apps-2025 is the page currently ranking (#43-62); /blog/ai-travel-organizer-app-2026 and /blog/travel-booking-organizer-app-2026 overlap."
app itinerary,Travel itinerary / organizer app (product head terms),informational,880,,,,64,0.78,sitelinks|video|people_also_ask|related_searches|code52,,,tripit.com #6,/,P2,"Core product terms. KD 44-79 and SERP held by App Store, Wanderlog, TripIt, listicles -> long-term homepage target. AU/UK volumes material (trip organizer app 720 AU / 590 UK). Competing URLs: /blog/best-travel-apps-2025 is the page currently ranking (#43-62); /blog/ai-travel-organizer-app-2026 and /blog/travel-booking-organizer-app-2026 overlap."
apps for itinerary,Travel itinerary / organizer app (product head terms),informational,720,,,,58,0.78,sitelinks|video|ads_bottom|video_carousel|people_also_ask|related_searches|discussions_forums|code52,,,tripit.com #6,/,P2,"Core product terms. KD 44-79 and SERP held by App Store, Wanderlog, TripIt, listicles -> long-term homepage target. AU/UK volumes material (trip organizer app 720 AU / 590 UK). Competing URLs: /blog/best-travel-apps-2025 is the page currently ranking (#43-62); /blog/ai-travel-organizer-app-2026 and /blog/travel-booking-organizer-app-2026 overlap."
trip itinerary app,Travel itinerary / organizer app (product head terms),informational,590,260,90,110,79,1.17,reviews|video|image|people_also_ask|related_searches|discussions_forums|code52,semrush_us:46; gsc:52.2 (12 impr/28d); best page /blog/best-travel-apps-2025 @ 52.2,/blog/best-travel-apps-2025,tripit.com #7,/,P2,"Core product terms. KD 44-79 and SERP held by App Store, Wanderlog, TripIt, listicles -> long-term homepage target. AU/UK volumes material (trip organizer app 720 AU / 590 UK). Competing URLs: /blog/best-travel-apps-2025 is the page currently ranking (#43-62); /blog/ai-travel-organizer-app-2026 and /blog/travel-booking-organizer-app-2026 overlap."
itinerary app,Travel itinerary / organizer app (product head terms),commercial,590,140,110,70,54,1.14,sitelinks|reviews|video|people_also_ask|related_searches|short_videos|discussions_forums,,,tripsy.app #19,/,P2,"Core product terms. KD 44-79 and SERP held by App Store, Wanderlog, TripIt, listicles -> long-term homepage target. AU/UK volumes material (trip organizer app 720 AU / 590 UK). Competing URLs: /blog/best-travel-apps-2025 is the page currently ranking (#43-62); /blog/ai-travel-organizer-app-2026 and /blog/travel-booking-organizer-app-2026 overlap."
travel organizer app,Travel itinerary / organizer app (product head terms),informational,260,30,20,30,55,1.4,sitelinks|reviews|video|related_searches|discussions_forums|code52,gsc:47.9 (18 impr/28d); best page /blog/best-travel-apps-2025 @ 47.9,/blog/best-travel-apps-2025,tripsy.app #17,/,P2,"Core product terms. KD 44-79 and SERP held by App Store, Wanderlog, TripIt, listicles -> long-term homepage target. AU/UK volumes material (trip organizer app 720 AU / 590 UK). Competing URLs: /blog/best-travel-apps-2025 is the page currently ranking (#43-62); /blog/ai-travel-organizer-app-2026 and /blog/travel-booking-organizer-app-2026 overlap."
free travel itinerary apps,Travel itinerary / organizer app (product head terms),,210,,,,,0,,,,,/,P2,"Core product terms. KD 44-79 and SERP held by App Store, Wanderlog, TripIt, listicles -> long-term homepage target. AU/UK volumes material (trip organizer app 720 AU / 590 UK). Competing URLs: /blog/best-travel-apps-2025 is the page currently ranking (#43-62); /blog/ai-travel-organizer-app-2026 and /blog/travel-booking-organizer-app-2026 overlap."
itinerary planner app,Travel itinerary / organizer app (product head terms),informational,170,50,110,20,69,1.02,sitelinks|video|ads_bottom|people_also_ask|related_searches|discussions_forums|code52,gsc:57.2 (4 impr/28d),,,/,P2,"Core product terms. KD 44-79 and SERP held by App Store, Wanderlog, TripIt, listicles -> long-term homepage target. AU/UK volumes material (trip organizer app 720 AU / 590 UK). Competing URLs: /blog/best-travel-apps-2025 is the page currently ranking (#43-62); /blog/ai-travel-organizer-app-2026 and /blog/travel-booking-organizer-app-2026 overlap."
travel organiser app,Travel itinerary / organizer app (product head terms),informational,140,30,20,20,67,1.60,reviews|video|people_also_ask|related_searches|discussions_forums|code52,semrush_us:46; gsc:48.0 (1 impr/28d),/blog/best-travel-apps-2025,tripsy.app #16,/,P2,"Core product terms. KD 44-79 and SERP held by App Store, Wanderlog, TripIt, listicles -> long-term homepage target. AU/UK volumes material (trip organizer app 720 AU / 590 UK). Competing URLs: /blog/best-travel-apps-2025 is the page currently ranking (#43-62); /blog/ai-travel-organizer-app-2026 and /blog/travel-booking-organizer-app-2026 overlap."
trip organiser app,Travel itinerary / organizer app (product head terms),informational,140,30,20,20,59,1.01,sitelinks|reviews|video|people_also_ask|related_searches|discussions_forums|code52,gsc:55.5 (15 impr/28d); best page /blog/best-travel-apps-2025 @ 55.5,/blog/best-travel-apps-2025,tripsy.app #16,/,P2,"Core product terms. KD 44-79 and SERP held by App Store, Wanderlog, TripIt, listicles -> long-term homepage target. AU/UK volumes material (trip organizer app 720 AU / 590 UK). Competing URLs: /blog/best-travel-apps-2025 is the page currently ranking (#43-62); /blog/ai-travel-organizer-app-2026 and /blog/travel-booking-organizer-app-2026 overlap."
vacation organizer app,Travel itinerary / organizer app (product head terms),informational,140,,,,79,1.4,sitelinks|reviews|video|people_also_ask|related_searches|discussions_forums|people_also_search|code52,,,,/,P2,"Core product terms. KD 44-79 and SERP held by App Store, Wanderlog, TripIt, listicles -> long-term homepage target. AU/UK volumes material (trip organizer app 720 AU / 590 UK). Competing URLs: /blog/best-travel-apps-2025 is the page currently ranking (#43-62); /blog/ai-travel-organizer-app-2026 and /blog/travel-booking-organizer-app-2026 overlap."
free itinerary app,Travel itinerary / organizer app (product head terms),informational,110,,,,64,0.85,sitelinks|reviews|video|ads_bottom|video_carousel|people_also_ask|related_searches|discussions_forums|code52,,,,/,P2,"Core product terms. KD 44-79 and SERP held by App Store, Wanderlog, TripIt, listicles -> long-term homepage target. AU/UK volumes material (trip organizer app 720 AU / 590 UK). Competing URLs: /blog/best-travel-apps-2025 is the page currently ranking (#43-62); /blog/ai-travel-organizer-app-2026 and /blog/travel-booking-organizer-app-2026 overlap."
free travel itinerary app,Travel itinerary / organizer app (product head terms),informational,110,,,,65,0.86,sitelinks|reviews|video|people_also_ask|related_searches|code52,,,,/,P2,"Core product terms. KD 44-79 and SERP held by App Store, Wanderlog, TripIt, listicles -> long-term homepage target. AU/UK volumes material (trip organizer app 720 AU / 590 UK). Competing URLs: /blog/best-travel-apps-2025 is the page currently ranking (#43-62); /blog/ai-travel-organizer-app-2026 and /blog/travel-booking-organizer-app-2026 overlap."
travel itinerary planner app,Travel itinerary / organizer app (product head terms),informational,110,,,,48,1.11,sitelinks|reviews|video|related_searches|discussions_forums|code52,,,,/,P2,"Core product terms. KD 44-79 and SERP held by App Store, Wanderlog, TripIt, listicles -> long-term homepage target. AU/UK volumes material (trip organizer app 720 AU / 590 UK). Competing URLs: /blog/best-travel-apps-2025 is the page currently ranking (#43-62); /blog/ai-travel-organizer-app-2026 and /blog/travel-booking-organizer-app-2026 overlap."
trip itinerary planner app,Travel itinerary / organizer app (product head terms),informational,110,,,,68,1.11,sitelinks|reviews|video|people_also_ask|related_searches|code52,,,tripsy.app #17,/,P2,"Core product terms. KD 44-79 and SERP held by App Store, Wanderlog, TripIt, listicles -> long-term homepage target. AU/UK volumes material (trip organizer app 720 AU / 590 UK). Competing URLs: /blog/best-travel-apps-2025 is the page currently ranking (#43-62); /blog/ai-travel-organizer-app-2026 and /blog/travel-booking-organizer-app-2026 overlap."
travel itinerary app free,Travel itinerary / organizer app (product head terms),informational+commercial,90,,,,68,0.86,sitelinks|reviews|people_also_ask|related_searches|code52,,,,/,P2,"Core product terms. KD 44-79 and SERP held by App Store, Wanderlog, TripIt, listicles -> long-term homepage target. AU/UK volumes material (trip organizer app 720 AU / 590 UK). Competing URLs: /blog/best-travel-apps-2025 is the page currently ranking (#43-62); /blog/ai-travel-organizer-app-2026 and /blog/travel-booking-organizer-app-2026 overlap."
itinerary creator app,Travel itinerary / organizer app (product head terms),informational,70,,,,76,1.19,reviews|video|people_also_ask|related_searches|code52,semrush_us:61; gsc:62.0 (1 impr/28d),/blog/best-travel-apps-2025,,/,P2,"Core product terms. KD 44-79 and SERP held by App Store, Wanderlog, TripIt, listicles -> long-term homepage target. AU/UK volumes material (trip organizer app 720 AU / 590 UK). Competing URLs: /blog/best-travel-apps-2025 is the page currently ranking (#43-62); /blog/ai-travel-organizer-app-2026 and /blog/travel-booking-organizer-app-2026 overlap."
app for trip itinerary,Travel itinerary / organizer app (product head terms),informational,70,,,,60,1.17,reviews|video|people_also_ask|related_searches|discussions_forums|code52,semrush_us:48; gsc:50.0 (1 impr/28d),/blog/best-travel-apps-2025,,/,P2,"Core product terms. KD 44-79 and SERP held by App Store, Wanderlog, TripIt, listicles -> long-term homepage target. AU/UK volumes material (trip organizer app 720 AU / 590 UK). Competing URLs: /blog/best-travel-apps-2025 is the page currently ranking (#43-62); /blog/ai-travel-organizer-app-2026 and /blog/travel-booking-organizer-app-2026 overlap."
app to make travel itinerary,Travel itinerary / organizer app (product head terms),informational,70,,,,63,1.19,reviews|video|video_carousel|people_also_ask|related_searches|discussions_forums|code52,semrush_us:58; gsc:61.0 (1 impr/28d),/blog/best-travel-apps-2025,,/,P2,"Core product terms. KD 44-79 and SERP held by App Store, Wanderlog, TripIt, listicles -> long-term homepage target. AU/UK volumes material (trip organizer app 720 AU / 590 UK). Competing URLs: /blog/best-travel-apps-2025 is the page currently ranking (#43-62); /blog/ai-travel-organizer-app-2026 and /blog/travel-booking-organizer-app-2026 overlap."
app to make itinerary,Travel itinerary / organizer app (product head terms),informational,70,,,,59,1.24,sitelinks|reviews|people_also_ask|related_searches|code52,,,,/,P2,"Core product terms. KD 44-79 and SERP held by App Store, Wanderlog, TripIt, listicles -> long-term homepage target. AU/UK volumes material (trip organizer app 720 AU / 590 UK). Competing URLs: /blog/best-travel-apps-2025 is the page currently ranking (#43-62); /blog/ai-travel-organizer-app-2026 and /blog/travel-booking-organizer-app-2026 overlap."
create itinerary app,Travel itinerary / organizer app (product head terms),informational,70,,,,73,1.24,sitelinks|reviews|video|people_also_ask|related_searches|discussions_forums|code52,,,,/,P2,"Core product terms. KD 44-79 and SERP held by App Store, Wanderlog, TripIt, listicles -> long-term homepage target. AU/UK volumes material (trip organizer app 720 AU / 590 UK). Competing URLs: /blog/best-travel-apps-2025 is the page currently ranking (#43-62); /blog/ai-travel-organizer-app-2026 and /blog/travel-booking-organizer-app-2026 overlap."
itinerary app free,Travel itinerary / organizer app (product head terms),informational+commercial,70,,,,53,1.03,sitelinks|reviews|video|people_also_ask|related_searches|discussions_forums|code52,,,,/,P2,"Core product terms. KD 44-79 and SERP held by App Store, Wanderlog, TripIt, listicles -> long-term homepage target. AU/UK volumes material (trip organizer app 720 AU / 590 UK). Competing URLs: /blog/best-travel-apps-2025 is the page currently ranking (#43-62); /blog/ai-travel-organizer-app-2026 and /blog/travel-booking-organizer-app-2026 overlap."
itinerary apps free,Travel itinerary / organizer app (product head terms),commercial,70,,,,72,1.03,sitelinks|reviews|video|video_carousel|people_also_ask|related_searches|discussions_forums|code52,,,,/,P2,"Core product terms. KD 44-79 and SERP held by App Store, Wanderlog, TripIt, listicles -> long-term homepage target. AU/UK volumes material (trip organizer app 720 AU / 590 UK). Competing URLs: /blog/best-travel-apps-2025 is the page currently ranking (#43-62); /blog/ai-travel-organizer-app-2026 and /blog/travel-booking-organizer-app-2026 overlap."
itinerary builder app,Travel itinerary / organizer app (product head terms),informational,70,,,,68,1.18,sitelinks|reviews|video|ads_bottom|video_carousel|people_also_ask|related_searches|discussions_forums|code52,,,,/,P2,"Core product terms. KD 44-79 and SERP held by App Store, Wanderlog, TripIt, listicles -> long-term homepage target. AU/UK volumes material (trip organizer app 720 AU / 590 UK). Competing URLs: /blog/best-travel-apps-2025 is the page currently ranking (#43-62); /blog/ai-travel-organizer-app-2026 and /blog/travel-booking-organizer-app-2026 overlap."
itinerary maker app,Travel itinerary / organizer app (product head terms),informational,70,,,,77,0.96,sitelinks|reviews|video|people_also_ask|related_searches|discussions_forums|code52,,,,/,P2,"Core product terms. KD 44-79 and SERP held by App Store, Wanderlog, TripIt, listicles -> long-term homepage target. AU/UK volumes material (trip organizer app 720 AU / 590 UK). Competing URLs: /blog/best-travel-apps-2025 is the page currently ranking (#43-62); /blog/ai-travel-organizer-app-2026 and /blog/travel-booking-organizer-app-2026 overlap."
travel itinerary apps,Travel itinerary / organizer app (product head terms),informational,70,,,,37,1.15,sitelinks|reviews|video|ads_bottom|people_also_ask|related_searches|discussions_forums|code52,gsc:43.0 (1 impr/28d),,,/,P2,"Core product terms. KD 44-79 and SERP held by App Store, Wanderlog, TripIt, listicles -> long-term homepage target. AU/UK volumes material (trip organizer app 720 AU / 590 UK). Competing URLs: /blog/best-travel-apps-2025 is the page currently ranking (#43-62); /blog/ai-travel-organizer-app-2026 and /blog/travel-booking-organizer-app-2026 overlap."
travel itinerary builder app,Travel itinerary / organizer app (product head terms),informational,70,,,,57,1.24,sitelinks|reviews|video|people_also_ask|related_searches|discussions_forums|code52,,,,/,P2,"Core product terms. KD 44-79 and SERP held by App Store, Wanderlog, TripIt, listicles -> long-term homepage target. AU/UK volumes material (trip organizer app 720 AU / 590 UK). Competing URLs: /blog/best-travel-apps-2025 is the page currently ranking (#43-62); /blog/ai-travel-organizer-app-2026 and /blog/travel-booking-organizer-app-2026 overlap."
travel organizer apps,Travel itinerary / organizer app (product head terms),informational,70,,,,75,1.4,sitelinks|reviews|video|people_also_ask|related_searches|discussions_forums|code52,gsc:47.8 (4 impr/28d),,,/,P2,"Core product terms. KD 44-79 and SERP held by App Store, Wanderlog, TripIt, listicles -> long-term homepage target. AU/UK volumes material (trip organizer app 720 AU / 590 UK). Competing URLs: /blog/best-travel-apps-2025 is the page currently ranking (#43-62); /blog/ai-travel-organizer-app-2026 and /blog/travel-booking-organizer-app-2026 overlap."
trip itinerary apps,Travel itinerary / organizer app (product head terms),informational,50,,,,45,1.17,reviews|video|people_also_ask|related_searches|code52,semrush_us:53; gsc:54.0 (1 impr/28d),/blog/best-travel-apps-2025,,/,P2,"Core product terms. KD 44-79 and SERP held by App Store, Wanderlog, TripIt, listicles -> long-term homepage target. AU/UK volumes material (trip organizer app 720 AU / 590 UK). Competing URLs: /blog/best-travel-apps-2025 is the page currently ranking (#43-62); /blog/ai-travel-organizer-app-2026 and /blog/travel-booking-organizer-app-2026 overlap."
app for itinerary,Travel itinerary / organizer app (product head terms),informational,50,,,,69,1.15,sitelinks|reviews|video|ads_bottom|video_carousel|people_also_ask|related_searches|discussions_forums|code52,,,,/,P2,"Core product terms. KD 44-79 and SERP held by App Store, Wanderlog, TripIt, listicles -> long-term homepage target. AU/UK volumes material (trip organizer app 720 AU / 590 UK). Competing URLs: /blog/best-travel-apps-2025 is the page currently ranking (#43-62); /blog/ai-travel-organizer-app-2026 and /blog/travel-booking-organizer-app-2026 overlap."
travel app for itinerary,Travel itinerary / organizer app (product head terms),informational+commercial,50,,,,53,1.01,sitelinks|reviews|video|people_also_ask|related_searches|discussions_forums|code52,,,,/,P2,"Core product terms. KD 44-79 and SERP held by App Store, Wanderlog, TripIt, listicles -> long-term homepage target. AU/UK volumes material (trip organizer app 720 AU / 590 UK). Competing URLs: /blog/best-travel-apps-2025 is the page currently ranking (#43-62); /blog/ai-travel-organizer-app-2026 and /blog/travel-booking-organizer-app-2026 overlap."
vacation itinerary app,Travel itinerary / organizer app (product head terms),informational,50,,,,71,0.66,sitelinks|reviews|video|video_carousel|people_also_ask|related_searches|discussions_forums|code52,,,,/,P2,"Core product terms. KD 44-79 and SERP held by App Store, Wanderlog, TripIt, listicles -> long-term homepage target. AU/UK volumes material (trip organizer app 720 AU / 590 UK). Competing URLs: /blog/best-travel-apps-2025 is the page currently ranking (#43-62); /blog/ai-travel-organizer-app-2026 and /blog/travel-booking-organizer-app-2026 overlap."
app for travel itinerary,Travel itinerary / organizer app (product head terms),informational,40,,,,68,1.15,sitelinks|reviews|video|people_also_ask|related_searches|discussions_forums|code52,,,,/,P2,"Core product terms. KD 44-79 and SERP held by App Store, Wanderlog, TripIt, listicles -> long-term homepage target. AU/UK volumes material (trip organizer app 720 AU / 590 UK). Competing URLs: /blog/best-travel-apps-2025 is the page currently ranking (#43-62); /blog/ai-travel-organizer-app-2026 and /blog/travel-booking-organizer-app-2026 overlap."
holiday itinerary app,Travel itinerary / organizer app (product head terms),informational,40,,,,68,1.09,sitelinks|reviews|video|people_also_ask|related_searches|discussions_forums|code52,,,,/,P2,"Core product terms. KD 44-79 and SERP held by App Store, Wanderlog, TripIt, listicles -> long-term homepage target. AU/UK volumes material (trip organizer app 720 AU / 590 UK). Competing URLs: /blog/best-travel-apps-2025 is the page currently ranking (#43-62); /blog/ai-travel-organizer-app-2026 and /blog/travel-booking-organizer-app-2026 overlap."
app to create travel itinerary,Travel itinerary / organizer app (product head terms),informational,30,,,,50,1.24,sitelinks|reviews|video|video_carousel|people_also_ask|related_searches|code52,,,,/,P2,"Core product terms. KD 44-79 and SERP held by App Store, Wanderlog, TripIt, listicles -> long-term homepage target. AU/UK volumes material (trip organizer app 720 AU / 590 UK). Competing URLs: /blog/best-travel-apps-2025 is the page currently ranking (#43-62); /blog/ai-travel-organizer-app-2026 and /blog/travel-booking-organizer-app-2026 overlap."
travel organization app,Travel itinerary / organizer app (product head terms),commercial,30,,,,50,1.01,sitelinks|reviews|video|people_also_ask|related_searches|discussions_forums|code52,gsc:46.0 (1 impr/28d),,,/,P2,"Core product terms. KD 44-79 and SERP held by App Store, Wanderlog, TripIt, listicles -> long-term homepage target. AU/UK volumes material (trip organizer app 720 AU / 590 UK). Competing URLs: /blog/best-travel-apps-2025 is the page currently ranking (#43-62); /blog/ai-travel-organizer-app-2026 and /blog/travel-booking-organizer-app-2026 overlap."
weekend itinerary template,Travel itinerary template,informational+transactional,5400,,,,46,2.46,image_pack|sitelinks|reviews|video|image|related_searches,,,,/blog/travel-itinerary-template-2026,P2,"Largest relevant volume found (travel itinerary template 90.5K US, 8.1K UK, 4.4K AU/CA; KD 35-47). SERP = Canva, gdoc.io, Notion, Adobe plus small blogs (gatherandgotravel, yourcocotrip) -> winnable with a genuinely downloadable template (Docs/Sheets/Excel/PDF) and a 'skip the template, forward your emails' CTA. Same page; add a weekend example."
itinerary planner template,Travel itinerary template,informational,1600,,,,25,1.05,image_pack|sitelinks|reviews|video|image|ads_top|ads_bottom|people_also_ask|related_searches,,,,/blog/travel-itinerary-template-2026,P2,"Largest relevant volume found (travel itinerary template 90.5K US, 8.1K UK, 4.4K AU/CA; KD 35-47). SERP = Canva, gdoc.io, Notion, Adobe plus small blogs (gatherandgotravel, yourcocotrip) -> winnable with a genuinely downloadable template (Docs/Sheets/Excel/PDF) and a 'skip the template, forward your emails' CTA."
travel itinerary template excel,Travel itinerary template,informational,1300,590,320,170,25,1.98,image_pack|sitelinks|reviews|video|image|video_carousel|people_also_ask|related_searches|code52,,,,/blog/travel-itinerary-template-2026,P2,"Largest relevant volume found (travel itinerary template 90.5K US, 8.1K UK, 4.4K AU/CA; KD 35-47). SERP = Canva, gdoc.io, Notion, Adobe plus small blogs (gatherandgotravel, yourcocotrip) -> winnable with a genuinely downloadable template (Docs/Sheets/Excel/PDF) and a 'skip the template, forward your emails' CTA. Offer an .xlsx download on the main page."
excel itinerary template,Travel itinerary template,informational,1000,,,,32,1.98,image_pack|sitelinks|reviews|video|image|video_carousel|related_searches,,,,/blog/travel-itinerary-template-2026,P2,"Largest relevant volume found (travel itinerary template 90.5K US, 8.1K UK, 4.4K AU/CA; KD 35-47). SERP = Canva, gdoc.io, Notion, Adobe plus small blogs (gatherandgotravel, yourcocotrip) -> winnable with a genuinely downloadable template (Docs/Sheets/Excel/PDF) and a 'skip the template, forward your emails' CTA."
itinerary template word,Travel itinerary template,informational,720,,,,36,0.76,sitelinks|reviews|video|image|people_also_ask|related_searches|code52,,,,/blog/travel-itinerary-template-2026,P2,"Largest relevant volume found (travel itinerary template 90.5K US, 8.1K UK, 4.4K AU/CA; KD 35-47). SERP = Canva, gdoc.io, Notion, Adobe plus small blogs (gatherandgotravel, yourcocotrip) -> winnable with a genuinely downloadable template (Docs/Sheets/Excel/PDF) and a 'skip the template, forward your emails' CTA. Offer a .docx download on the main page."
travel itinerary template word,Travel itinerary template,informational,720,210,170,90,29,1.24,image_pack|sitelinks|reviews|video|image|people_also_ask|related_searches|code52,,,,/blog/travel-itinerary-template-2026,P2,"Largest relevant volume found (travel itinerary template 90.5K US, 8.1K UK, 4.4K AU/CA; KD 35-47). SERP = Canva, gdoc.io, Notion, Adobe plus small blogs (gatherandgotravel, yourcocotrip) -> winnable with a genuinely downloadable template (Docs/Sheets/Excel/PDF) and a 'skip the template, forward your emails' CTA. Offer a .docx download on the main page."
travel itinerary schedule template,Travel itinerary template,informational,590,,,,26,0.95,sitelinks|reviews|video|image|related_searches|code52,,,,/blog/travel-itinerary-template-2026,P2,"Largest relevant volume found (travel itinerary template 90.5K US, 8.1K UK, 4.4K AU/CA; KD 35-47). SERP = Canva, gdoc.io, Notion, Adobe plus small blogs (gatherandgotravel, yourcocotrip) -> winnable with a genuinely downloadable template (Docs/Sheets/Excel/PDF) and a 'skip the template, forward your emails' CTA."
trip itinerary template excel,Travel itinerary template,informational,590,,,,17,1.98,image_pack|sitelinks|reviews|video|image|people_also_ask|related_searches|code52,,,,/blog/travel-itinerary-template-2026,P2,"Largest relevant volume found (travel itinerary template 90.5K US, 8.1K UK, 4.4K AU/CA; KD 35-47). SERP = Canva, gdoc.io, Notion, Adobe plus small blogs (gatherandgotravel, yourcocotrip) -> winnable with a genuinely downloadable template (Docs/Sheets/Excel/PDF) and a 'skip the template, forward your emails' CTA. Offer an .xlsx download on the main page."
wanderlog reviews,Wanderlog alternative / pricing / reviews,commercial,12100,170,110,2400,31,0.89,sitelinks|reviews|video|video_carousel|people_also_ask|related_searches|discussions_forums|code52,,,wanderlog.com #5; SERP #1 reddit.com,NEW:/alternatives/wanderlog,P2,"Large volume (reviews 12.1K, pro cost 6.6K US; CA reviews 2.4K) with KD 20-31; SERP for 'wanderlog reviews' shows small blogs (brooksreview, gr8traveltips, whistleout). Partial fit: Wanderlog users are planners, TripCache is post-booking. Competing URLs: /blog/best-travel-apps-2025 currently ranks #23 for 'wanderlog alternatives'."
wanderlog pro cost,Wanderlog alternative / pricing / reviews,informational,6600,50,30,1900,22,0,sitelinks|reviews|video|video_carousel|people_also_ask|related_searches|code52,,,,NEW:/alternatives/wanderlog,P2,"Large volume (reviews 12.1K, pro cost 6.6K US; CA reviews 2.4K) with KD 20-31; SERP for 'wanderlog reviews' shows small blogs (brooksreview, gr8traveltips, whistleout). Partial fit: Wanderlog users are planners, TripCache is post-booking. Competing URLs: /blog/best-travel-apps-2025 currently ranks #23 for 'wanderlog alternatives'."
wanderlog cost,Wanderlog alternative / pricing / reviews,informational,720,,,,20,0,sitelinks|reviews|video|video_carousel|people_also_ask|related_searches|code52,,,,NEW:/alternatives/wanderlog,P2,"Large volume (reviews 12.1K, pro cost 6.6K US; CA reviews 2.4K) with KD 20-31; SERP for 'wanderlog reviews' shows small blogs (brooksreview, gr8traveltips, whistleout). Partial fit: Wanderlog users are planners, TripCache is post-booking. Competing URLs: /blog/best-travel-apps-2025 currently ranks #23 for 'wanderlog alternatives'."
is wanderlog free,Wanderlog alternative / pricing / reviews,informational,260,50,50,50,33,0.89,sitelinks|reviews|video|people_also_ask|related_searches|code52,,,,NEW:/alternatives/wanderlog,P2,"Large volume (reviews 12.1K, pro cost 6.6K US; CA reviews 2.4K) with KD 20-31; SERP for 'wanderlog reviews' shows small blogs (brooksreview, gr8traveltips, whistleout). Partial fit: Wanderlog users are planners, TripCache is post-booking. Competing URLs: /blog/best-travel-apps-2025 currently ranks #23 for 'wanderlog alternatives'."
wanderlog review,Wanderlog alternative / pricing / reviews,informational+commercial,170,,,,27,0.89,sitelinks|reviews|video|video_carousel|people_also_ask|related_searches|discussions_forums|code52,,,,NEW:/alternatives/wanderlog,P2,"Large volume (reviews 12.1K, pro cost 6.6K US; CA reviews 2.4K) with KD 20-31; SERP for 'wanderlog reviews' shows small blogs (brooksreview, gr8traveltips, whistleout). Partial fit: Wanderlog users are planners, TripCache is post-booking. Competing URLs: /blog/best-travel-apps-2025 currently ranks #23 for 'wanderlog alternatives'."
wanderlog pricing,Wanderlog alternative / pricing / reviews,informational,140,,,,22,0,sitelinks|reviews|video|video_carousel|people_also_ask|related_searches|code52,,,,NEW:/alternatives/wanderlog,P2,"Large volume (reviews 12.1K, pro cost 6.6K US; CA reviews 2.4K) with KD 20-31; SERP for 'wanderlog reviews' shows small blogs (brooksreview, gr8traveltips, whistleout). Partial fit: Wanderlog users are planners, TripCache is post-booking. Competing URLs: /blog/best-travel-apps-2025 currently ranks #23 for 'wanderlog alternatives'."
wanderlog pro,Wanderlog alternative / pricing / reviews,informational,140,,,,38,0,sitelinks|reviews|video|video_carousel|people_also_ask|related_searches,,,,NEW:/alternatives/wanderlog,P2,"Large volume (reviews 12.1K, pro cost 6.6K US; CA reviews 2.4K) with KD 20-31; SERP for 'wanderlog reviews' shows small blogs (brooksreview, gr8traveltips, whistleout). Partial fit: Wanderlog users are planners, TripCache is post-booking. Competing URLs: /blog/best-travel-apps-2025 currently ranks #23 for 'wanderlog alternatives'."
what is wanderlog,Wanderlog alternative / pricing / reviews,informational,140,,,,20,0,sitelinks|reviews|video|video_carousel|people_also_ask|related_searches|short_videos|code52,,,,NEW:/alternatives/wanderlog,P2,"Large volume (reviews 12.1K, pro cost 6.6K US; CA reviews 2.4K) with KD 20-31; SERP for 'wanderlog reviews' shows small blogs (brooksreview, gr8traveltips, whistleout). Partial fit: Wanderlog users are planners, TripCache is post-booking. Competing URLs: /blog/best-travel-apps-2025 currently ranks #23 for 'wanderlog alternatives'."
wanderlog alternatives,Wanderlog alternative / pricing / reviews,informational,40,20,20,20,2,2.14,sitelinks|reviews|video|image|people_also_ask|discussions_forums|code52,"semrush_us:23; gsc:36.9 (25 impr/28d, /blog/best-travel-apps-2025)",/blog/best-travel-apps-2025,,NEW:/alternatives/wanderlog,P2,"Large volume (reviews 12.1K, pro cost 6.6K US; CA reviews 2.4K) with KD 20-31; SERP for 'wanderlog reviews' shows small blogs (brooksreview, gr8traveltips, whistleout). Partial fit: Wanderlog users are planners, TripCache is post-booking. Competing URLs: /blog/best-travel-apps-2025 currently ranks #23 for 'wanderlog alternatives'."
what is itinerary travel,What is a travel itinerary (definitions / how-to),informational,1600,,,,36,0,,,,,NEW:/blog/what-is-a-travel-itinerary,P2,"~4.7K US combined for definition variants, KD 29-50; informational top-of-funnel with a natural CTA to TripCache. Competing URLs: /blog/travel-itinerary-template-2026 could absorb 'how to make' queries."
what are travel itineraries,What is a travel itinerary (definitions / how-to),informational,1000,,,,38,0,,,,,NEW:/blog/what-is-a-travel-itinerary,P2,"~4.7K US combined for definition variants, KD 29-50; informational top-of-funnel with a natural CTA to TripCache. Competing URLs: /blog/travel-itinerary-template-2026 could absorb 'how to make' queries."
what is a travel itinerary,What is a travel itinerary (definitions / how-to),informational,880,170,170,170,50,0,,,,,NEW:/blog/what-is-a-travel-itinerary,P2,"~4.7K US combined for definition variants, KD 29-50; informational top-of-funnel with a natural CTA to TripCache. Competing URLs: /blog/travel-itinerary-template-2026 could absorb 'how to make' queries."
how to make a travel itinerary,What is a travel itinerary (definitions / how-to),informational,590,30,20,140,51,0.72,,,,,NEW:/blog/what-is-a-travel-itinerary,P2,"~4.7K US combined for definition variants, KD 29-50; informational top-of-funnel with a natural CTA to TripCache. Competing URLs: /blog/travel-itinerary-template-2026 could absorb 'how to make' queries."
what is travel itinerary,What is a travel itinerary (definitions / how-to),informational,480,,,,38,0,,,,,NEW:/blog/what-is-a-travel-itinerary,P2,"~4.7K US combined for definition variants, KD 29-50; informational top-of-funnel with a natural CTA to TripCache. Competing URLs: /blog/travel-itinerary-template-2026 could absorb 'how to make' queries."
what does travel itinerary mean,What is a travel itinerary (definitions / how-to),informational,390,,,,29,0,,,,,NEW:/blog/what-is-a-travel-itinerary,P2,"~4.7K US combined for definition variants, KD 29-50; informational top-of-funnel with a natural CTA to TripCache. Competing URLs: /blog/travel-itinerary-template-2026 could absorb 'how to make' queries."
what is a itinerary when travelling,What is a travel itinerary (definitions / how-to),informational,320,,,,40,0,,,,,NEW:/blog/what-is-a-travel-itinerary,P2,"~4.7K US combined for definition variants, KD 29-50; informational top-of-funnel with a natural CTA to TripCache. Competing URLs: /blog/travel-itinerary-template-2026 could absorb 'how to make' queries."
how to create travel itinerary,What is a travel itinerary (definitions / how-to),informational,170,,,,49,1.28,,,,,NEW:/blog/what-is-a-travel-itinerary,P2,"~4.7K US combined for definition variants, KD 29-50; informational top-of-funnel with a natural CTA to TripCache. Competing URLs: /blog/travel-itinerary-template-2026 could absorb 'how to make' queries."
how to create a travel itinerary,What is a travel itinerary (definitions / how-to),informational,110,,,,50,0.69,,,,,NEW:/blog/what-is-a-travel-itinerary,P2,"~4.7K US combined for definition variants, KD 29-50; informational top-of-funnel with a natural CTA to TripCache. Competing URLs: /blog/travel-itinerary-template-2026 could absorb 'how to make' queries."
how to plan travel itinerary,What is a travel itinerary (definitions / how-to),informational,70,,,,40,1.16,,,,,NEW:/blog/what-is-a-travel-itinerary,P2,"~4.7K US combined for definition variants, KD 29-50; informational top-of-funnel with a natural CTA to TripCache. Competing URLs: /blog/travel-itinerary-template-2026 could absorb 'how to make' queries."
how to create a personalized travel itinerary,What is a travel itinerary (definitions / how-to),informational,50,,,,59,0,,,,,NEW:/blog/what-is-a-travel-itinerary,P2,"~4.7K US combined for definition variants, KD 29-50; informational top-of-funnel with a natural CTA to TripCache. Competing URLs: /blog/travel-itinerary-template-2026 could absorb 'how to make' queries."
how to make a itinerary for travel,What is a travel itinerary (definitions / how-to),informational,50,,,,57,1.23,,,,,NEW:/blog/what-is-a-travel-itinerary,P2,"~4.7K US combined for definition variants, KD 29-50; informational top-of-funnel with a natural CTA to TripCache. Competing URLs: /blog/travel-itinerary-template-2026 could absorb 'how to make' queries."
how to make travel itinerary,What is a travel itinerary (definitions / how-to),informational,40,,,,37,1.28,,,,,NEW:/blog/what-is-a-travel-itinerary,P2,"~4.7K US combined for definition variants, KD 29-50; informational top-of-funnel with a natural CTA to TripCache. Competing URLs: /blog/travel-itinerary-template-2026 could absorb 'how to make' queries."
what does itinerary mean in travel,What is a travel itinerary (definitions / how-to),informational,40,,,,34,0,,,,,NEW:/blog/what-is-a-travel-itinerary,P2,"~4.7K US combined for definition variants, KD 29-50; informational top-of-funnel with a natural CTA to TripCache. Competing URLs: /blog/travel-itinerary-template-2026 could absorb 'how to make' queries."
what is itinerary in travel,What is a travel itinerary (definitions / how-to),,40,,,,,0,,,,,NEW:/blog/what-is-a-travel-itinerary,P2,"~4.7K US combined for definition variants, KD 29-50; informational top-of-funnel with a natural CTA to TripCache. Competing URLs: /blog/travel-itinerary-template-2026 could absorb 'how to make' queries."
how early should you get to the airport,Airport / travel-day tips (TripIt's traffic model),informational,8100,,,,35,0.02,,,,tripit.com #11,NEW:/blog/how-early-should-you-get-to-the-airport,P3,"TripIt earns non-brand traffic from utility posts (how early to get to the airport 8.1K KD35; missed flight 3.6K KD21; power banks 1.6K KD24; standby 3.6K KD22). Audience fit, low install intent - only after P1/P2 work."
how early should i get to the airport,Airport / travel-day tips (TripIt's traffic model),informational,6600,,,,32,0.02,,,,tripit.com #12,NEW:/blog/how-early-should-i-get-to-the-airport,P3,"TripIt earns non-brand traffic from utility posts (how early to get to the airport 8.1K KD35; missed flight 3.6K KD21; power banks 1.6K KD24; standby 3.6K KD22). Audience fit, low install intent - only after P1/P2 work."
how early to get to airport,Airport / travel-day tips (TripIt's traffic model),informational,3600,,,,29,0.02,,,,tripit.com #9,NEW:/blog/how-early-to-get-to-airport,P3,"TripIt earns non-brand traffic from utility posts (how early to get to the airport 8.1K KD35; missed flight 3.6K KD21; power banks 1.6K KD24; standby 3.6K KD22). Audience fit, low install intent - only after P1/P2 work."
how to fly standby,Airport / travel-day tips (TripIt's traffic model),informational,3600,,,,22,0.15,,,,tripit.com #2,NEW:/blog/how-to-fly-standby,P3,"TripIt earns non-brand traffic from utility posts (how early to get to the airport 8.1K KD35; missed flight 3.6K KD21; power banks 1.6K KD24; standby 3.6K KD22). Audience fit, low install intent - only after P1/P2 work."
how early should i arrive at the airport,Airport / travel-day tips (TripIt's traffic model),informational,3600,,,,29,0.02,,,,tripit.com #11,NEW:/blog/how-early-should-i-arrive-at-the-airport,P3,"TripIt earns non-brand traffic from utility posts (how early to get to the airport 8.1K KD35; missed flight 3.6K KD21; power banks 1.6K KD24; standby 3.6K KD22). Audience fit, low install intent - only after P1/P2 work."
what happens if you miss your flight,Airport / travel-day tips (TripIt's traffic model),,3600,,,,21,0.00,,,,tripit.com #16,NEW:/blog/what-happens-if-you-miss-your-flight,P3,"TripIt earns non-brand traffic from utility posts (how early to get to the airport 8.1K KD35; missed flight 3.6K KD21; power banks 1.6K KD24; standby 3.6K KD22). Audience fit, low install intent - only after P1/P2 work."
how early to arrive at airport,Airport / travel-day tips (TripIt's traffic model),informational,3600,,,,25,0.02,,,,tripit.com #11,NEW:/blog/how-early-to-arrive-at-airport,P3,"TripIt earns non-brand traffic from utility posts (how early to get to the airport 8.1K KD35; missed flight 3.6K KD21; power banks 1.6K KD24; standby 3.6K KD22). Audience fit, low install intent - only after P1/P2 work."
how early should you arrive to the airport,Airport / travel-day tips (TripIt's traffic model),informational,3600,,,,27,0.02,,,,tripit.com #14,NEW:/blog/how-early-should-you-arrive-to-the-airport,P3,"TripIt earns non-brand traffic from utility posts (how early to get to the airport 8.1K KD35; missed flight 3.6K KD21; power banks 1.6K KD24; standby 3.6K KD22). Audience fit, low install intent - only after P1/P2 work."
how do you get on a standby flight,Airport / travel-day tips (TripIt's traffic model),informational,2900,,,,39,0.15,,,,tripit.com #19,NEW:/blog/how-do-you-get-on-a-standby-flight,P3,"TripIt earns non-brand traffic from utility posts (how early to get to the airport 8.1K KD35; missed flight 3.6K KD21; power banks 1.6K KD24; standby 3.6K KD22). Audience fit, low install intent - only after P1/P2 work."
can you bring portable charger on plane,Airport / travel-day tips (TripIt's traffic model),informational,2400,,,,30,0.02,,,,tripit.com #18,NEW:/blog/can-you-bring-portable-charger-on-plane,P3,"TripIt earns non-brand traffic from utility posts (how early to get to the airport 8.1K KD35; missed flight 3.6K KD21; power banks 1.6K KD24; standby 3.6K KD22). Audience fit, low install intent - only after P1/P2 work."
powerbank on the plane,Airport / travel-day tips (TripIt's traffic model),informational,1600,,,,24,0.09,,,,tripit.com #5,NEW:/blog/powerbank-on-the-plane,P3,"TripIt earns non-brand traffic from utility posts (how early to get to the airport 8.1K KD35; missed flight 3.6K KD21; power banks 1.6K KD24; standby 3.6K KD22). Audience fit, low install intent - only after P1/P2 work."
what happens if i miss my flight,Airport / travel-day tips (TripIt's traffic model),informational,1300,,,,22,5.60,,,,tripit.com #13,NEW:/blog/what-happens-if-i-miss-my-flight,P3,"TripIt earns non-brand traffic from utility posts (how early to get to the airport 8.1K KD35; missed flight 3.6K KD21; power banks 1.6K KD24; standby 3.6K KD22). Audience fit, low install intent - only after P1/P2 work."
what happens if you miss a flight,Airport / travel-day tips (TripIt's traffic model),informational,880,,,,30,1.56,,,,tripit.com #21,NEW:/blog/what-happens-if-you-miss-a-flight,P3,"TripIt earns non-brand traffic from utility posts (how early to get to the airport 8.1K KD35; missed flight 3.6K KD21; power banks 1.6K KD24; standby 3.6K KD22). Audience fit, low install intent - only after P1/P2 work."
app in the air alternative,App in the Air alternative,,20,,,,,0,,,,,NEW:/alternatives/app-in-the-air,P3,"App in the Air shut down (2024); 590 US + 210 UK, KD 12-23. Top 10 includes Reddit, byairapp, worldtraveller73, Flighty and TripIt compare pages -> same playbook as TripCase."
travel app,Best travel / planning apps (listicle),informational+commercial,2400,,,,43,2.07,,,,tripit.com #8,/blog/best-travel-apps-2025,P3,"Listicle SERP (directiveadventure, suewherewhywhat, wanderingkenzie, wanderfullyrylie, amanda-wanders = small blogs) -> winnable. AU volume 4.4K for 'best travel apps for planning' and GSC already shows pos ~6 with 492 impressions/28d but 0 clicks -> fix title/snippet + freshen. Consider 301 to an evergreen slug. Competing URLs: /blog/ai-trip-planner-2026, /blog/travel-booking-organizer-app-2026, /blog/trip-map-itinerary-planner-app-2026 overlap."
best travel apps 2025,Best travel / planning apps (listicle),commercial,260,,,,30,0,sitelinks|reviews|video|people_also_ask|related_searches|code52,,,,/blog/best-travel-apps-2025,P3,"Listicle SERP (directiveadventure, suewherewhywhat, wanderingkenzie, wanderfullyrylie, amanda-wanders = small blogs) -> winnable. AU volume 4.4K for 'best travel apps for planning' and GSC already shows pos ~6 with 492 impressions/28d but 0 clicks -> fix title/snippet + freshen. Consider 301 to an evergreen slug. Competing URLs: /blog/ai-trip-planner-2026, /blog/travel-booking-organizer-app-2026, /blog/trip-map-itinerary-planner-app-2026 overlap."
best travel itinerary apps 2025,Best travel / planning apps (listicle),commercial,50,,,,26,0,sitelinks|reviews|video|people_also_ask|related_searches|discussions_forums|code52,semrush_us:20,/blog/best-travel-apps-2025,,/blog/best-travel-apps-2025,P3,"Listicle SERP (directiveadventure, suewherewhywhat, wanderingkenzie, wanderfullyrylie, amanda-wanders = small blogs) -> winnable. AU volume 4.4K for 'best travel apps for planning' and GSC already shows pos ~6 with 492 impressions/28d but 0 clicks -> fix title/snippet + freshen. Consider 301 to an evergreen slug. Quick win: already at position 20. Competing URLs: /blog/ai-trip-planner-2026, /blog/travel-booking-organizer-app-2026, /blog/trip-map-itinerary-planner-app-2026 overlap."
best ai trip planner apps 2026,Best travel / planning apps (listicle),,50,,,,,0,,,,,/blog/best-travel-apps-2025,P3,"Listicle SERP (directiveadventure, suewherewhywhat, wanderingkenzie, wanderfullyrylie, amanda-wanders = small blogs) -> winnable. AU volume 4.4K for 'best travel apps for planning' and GSC already shows pos ~6 with 492 impressions/28d but 0 clicks -> fix title/snippet + freshen. Consider 301 to an evergreen slug. Competing URLs: /blog/ai-trip-planner-2026, /blog/travel-booking-organizer-app-2026, /blog/trip-map-itinerary-planner-app-2026 overlap."
best ai travel planner apps 2026,Best travel / planning apps (listicle),,50,,,,,0,,,,,/blog/best-travel-apps-2025,P3,"Listicle SERP (directiveadventure, suewherewhywhat, wanderingkenzie, wanderfullyrylie, amanda-wanders = small blogs) -> winnable. AU volume 4.4K for 'best travel apps for planning' and GSC already shows pos ~6 with 492 impressions/28d but 0 clicks -> fix title/snippet + freshen. Consider 301 to an evergreen slug. Competing URLs: /blog/ai-trip-planner-2026, /blog/travel-booking-organizer-app-2026, /blog/trip-map-itinerary-planner-app-2026 overlap."
best app for organizing travel plans,Best travel / planning apps (listicle),,20,,,,,1.36,,gsc:49.0 (1 impr/28d),,,/blog/best-travel-apps-2025,P3,"Listicle SERP (directiveadventure, suewherewhywhat, wanderingkenzie, wanderfullyrylie, amanda-wanders = small blogs) -> winnable. AU volume 4.4K for 'best travel apps for planning' and GSC already shows pos ~6 with 492 impressions/28d but 0 clicks -> fix title/snippet + freshen. Consider 301 to an evergreen slug. Competing URLs: /blog/ai-trip-planner-2026, /blog/travel-booking-organizer-app-2026, /blog/trip-map-itinerary-planner-app-2026 overlap."
best app to organize your travel itinerary,Best travel / planning apps (listicle),,20,,,,,0,,gsc:43.0 (1 impr/28d),,,/blog/best-travel-apps-2025,P3,"Listicle SERP (directiveadventure, suewherewhywhat, wanderingkenzie, wanderfullyrylie, amanda-wanders = small blogs) -> winnable. AU volume 4.4K for 'best travel apps for planning' and GSC already shows pos ~6 with 492 impressions/28d but 0 clicks -> fix title/snippet + freshen. Consider 301 to an evergreen slug. Competing URLs: /blog/ai-trip-planner-2026, /blog/travel-booking-organizer-app-2026, /blog/trip-map-itinerary-planner-app-2026 overlap."
tripitas,Brand confusion / irrelevant,informational,2400,,,,24,0,image_pack|sitelinks|reviews|video|image|video_carousel|people_also_ask|related_searches|things_to_know|discussions_forums|code52,,,,/,P3,"Misspelling/brand-confusion queries (travelchasm, tripcast, tripchipper, tripwire, confirmation tracker). Ignore."
trippie app,Brand confusion / irrelevant,informational,1000,,,,34,0.00,,,,tripsy.app #47,/,P3,"Misspelling/brand-confusion queries (travelchasm, tripcast, tripchipper, tripwire, confirmation tracker). Ignore."
app trippie,Brand confusion / irrelevant,informational,720,,,,40,0.00,,,,tripsy.app #43,/,P3,"Misspelling/brand-confusion queries (travelchasm, tripcast, tripchipper, tripwire, confirmation tracker). Ignore."
travelchasm.com site,Brand confusion / irrelevant,navigational,590,,,590,,0.00,video,semrush_us:28; semrush_ca:34; gsc:31.0 (3 impr/28d); best page / @ 31.0,/,,/,P3,"Misspelling/brand-confusion queries (travelchasm, tripcast, tripchipper, tripwire, confirmation tracker). Ignore."
tripdash,Brand confusion / irrelevant,informational,480,,,,,2.39,,,,tripsy.app #60,/,P3,"Misspelling/brand-confusion queries (travelchasm, tripcast, tripchipper, tripwire, confirmation tracker). Ignore."
tripcast,Brand confusion / irrelevant,navigational,320,,,90,25,0.00,sitelinks|reviews|video|image|people_also_ask|related_searches|code52,semrush_us:43; semrush_ca:38; gsc:46.5 (4 impr/28d); best page / @ 46.5,/,tripit.com #49,/,P3,"Misspelling/brand-confusion queries (travelchasm, tripcast, tripchipper, tripwire, confirmation tracker). Ignore."
confirmation tracker,Brand confusion / irrelevant,commercial,260,,,,47,0.02,reviews|related_searches|code52,semrush_us:53; gsc:57.0 (1 impr/28d); best page /blog/organize-travel-confirmation-emails-2026 @ 57.0,/blog/organize-travel-confirmation-emails-2026,,/,P3,"Misspelling/brand-confusion queries (travelchasm, tripcast, tripchipper, tripwire, confirmation tracker). Ignore."
tripchipper travel,Brand confusion / irrelevant,informational,110,,,,40,1.14,sitelinks|reviews|video|people_also_ask|related_searches|code52,semrush_us:62,/,,/,P3,"Misspelling/brand-confusion queries (travelchasm, tripcast, tripchipper, tripwire, confirmation tracker). Ignore."
tripcast app,Brand confusion / irrelevant,informational,40,,,,22,0.00,reviews|video|people_also_ask|related_searches|code52,semrush_us:38,/,,/,P3,"Misspelling/brand-confusion queries (travelchasm, tripcast, tripchipper, tripwire, confirmation tracker). Ignore."
trip chipper extension,Brand confusion / irrelevant,informational,40,,,,34,0.00,reviews|video|people_also_ask|related_searches,semrush_us:54,/,,/,P3,"Misspelling/brand-confusion queries (travelchasm, tripcast, tripchipper, tripwire, confirmation tracker). Ignore."
tripwire competitors,Brand confusion / irrelevant,informational,30,,,,15,56.80,reviews|people_also_ask|related_searches|code52,semrush_us:46,/blog/tripcase-alternative-2025,,/,P3,"Misspelling/brand-confusion queries (travelchasm, tripcast, tripchipper, tripwire, confirmation tracker). Ignore."
flight times,City-pair / generic flight time,informational,2900,,,,44,0.93,reviews|video|people_also_ask|related_searches|code52,,,,NEW:/tools/flight-arrival-time-calculator,P3,City-pair duration queries answered directly by Google Flights/answer boxes. Not worth dedicated pages.
flight time,City-pair / generic flight time,informational,2400,,,,47,0.93,reviews|video|people_also_ask|related_searches|code52,,,,NEW:/tools/flight-arrival-time-calculator,P3,City-pair duration queries answered directly by Google Flights/answer boxes. Not worth dedicated pages.
nyc la flight time,City-pair / generic flight time,informational,2400,,,,30,0.59,sitelinks|video|people_also_ask|related_searches|code52,,,,NEW:/tools/flight-arrival-time-calculator,P3,City-pair duration queries answered directly by Google Flights/answer boxes. Not worth dedicated pages.
la nyc flight time,City-pair / generic flight time,informational,1900,,,,30,0.71,sitelinks|reviews|people_also_ask|related_searches|code52,,,,NEW:/tools/flight-arrival-time-calculator,P3,City-pair duration queries answered directly by Google Flights/answer boxes. Not worth dedicated pages.
flight time los angeles london,City-pair / generic flight time,informational+transactional,1000,,,,19,0.79,sitelinks|reviews|video|people_also_ask|related_searches,,,,NEW:/tools/flight-arrival-time-calculator,P3,City-pair duration queries answered directly by Google Flights/answer boxes. Not worth dedicated pages.
los angeles chicago flight time,City-pair / generic flight time,commercial,880,,,,19,0.42,reviews|people_also_ask|related_searches,,,,NEW:/tools/flight-arrival-time-calculator,P3,City-pair duration queries answered directly by Google Flights/answer boxes. Not worth dedicated pages.
bachelorette itinerary template,Event itinerary templates (wedding/bachelorette),informational,1300,,,,24,0.78,image_pack|sitelinks|reviews|video|image|related_searches,,,,/blog/travel-itinerary-template-2026,P3,Real volume but event-planning audience; low fit for a travel organizer app.
bachelorette party itinerary template,Event itinerary templates (wedding/bachelorette),informational,880,,,,25,0.9,image_pack|video|image|related_searches,,,,/blog/travel-itinerary-template-2026,P3,Real volume but event-planning audience; low fit for a travel organizer app.
wedding itinerary template,Event itinerary templates (wedding/bachelorette),informational,880,,,,32,1.18,image_pack|sitelinks|reviews|video|people_also_ask|related_searches,,,,/blog/travel-itinerary-template-2026,P3,Real volume but event-planning audience; low fit for a travel organizer app.
flighty,Flight tracker apps,navigational,18100,,,,53,0.67,,,,,/blog/flighty-vs-tripcache-2026,P3,"KD 54-95, incumbents Flightradar24/FlightAware/Flighty (flighty.com: 38K keywords, 76K visits/mo). TripCache is not primarily a flight tracker - do not chase beyond the Flighty comparison."
flighty app,Flight tracker apps,navigational,5400,260,720,480,46,0.92,,,,,/blog/flighty-vs-tripcache-2026,P3,"KD 54-95, incumbents Flightradar24/FlightAware/Flighty (flighty.com: 38K keywords, 76K visits/mo). TripCache is not primarily a flight tracker - do not chase beyond the Flighty comparison."
best flight tracker app,Flight tracker apps,commercial,2400,260,880,260,55,0.63,sitelinks|reviews|video|people_also_ask|related_searches|code52,,,,/blog/flighty-vs-tripcache-2026,P3,"KD 54-95, incumbents Flightradar24/FlightAware/Flighty (flighty.com: 38K keywords, 76K visits/mo). TripCache is not primarily a flight tracker - do not chase beyond the Flighty comparison."
flight tracker app,Flight tracker apps,informational,1900,,,,87,0.46,sitelinks|reviews|video|people_also_ask|related_searches|code52,,,,/blog/flighty-vs-tripcache-2026,P3,"KD 54-95, incumbents Flightradar24/FlightAware/Flighty (flighty.com: 38K keywords, 76K visits/mo). TripCache is not primarily a flight tracker - do not chase beyond the Flighty comparison."
best apps for tracking flights,Flight tracker apps,commercial,1600,,,,54,0.63,sitelinks|reviews|video|related_searches|discussions_forums|code52,,,,/blog/flighty-vs-tripcache-2026,P3,"KD 54-95, incumbents Flightradar24/FlightAware/Flighty (flighty.com: 38K keywords, 76K visits/mo). TripCache is not primarily a flight tracker - do not chase beyond the Flighty comparison."
flight tracker app free,Flight tracker apps,informational,880,,,,76,0.41,reviews|video|people_also_ask|related_searches|discussions_forums,,,,/blog/flighty-vs-tripcache-2026,P3,"KD 54-95, incumbents Flightradar24/FlightAware/Flighty (flighty.com: 38K keywords, 76K visits/mo). TripCache is not primarily a flight tracker - do not chase beyond the Flighty comparison."
free cancellation hotels,Free-cancellation hotels (booking intent),transactional,390,,,,31,2.85,sitelinks|video|hotels_pack|video_carousel|people_also_ask|related_searches,,,,/features/cancellation-reminders,P3,Hotel-booking intent with Hotels Pack SERP; OTAs own it. TripCache is not a booking engine - stop chasing.
hotel free cancellation,Free-cancellation hotels (booking intent),transactional,390,,,,26,2.85,sitelinks|video|hotels_pack|people_also_ask|related_searches|discussions_forums,,,,/features/cancellation-reminders,P3,Hotel-booking intent with Hotels Pack SERP; OTAs own it. TripCache is not a booking engine - stop chasing.
hotels near me free cancellation,Free-cancellation hotels (booking intent),transactional,260,,,,71,1.8,reviews|hotels_pack|people_also_ask|related_searches,,,,/features/cancellation-reminders,P3,Hotel-booking intent with Hotels Pack SERP; OTAs own it. TripCache is not a booking engine - stop chasing.
hotels free cancellation,Free-cancellation hotels (booking intent),transactional,210,,,,26,2.85,sitelinks|video|hotels_pack|video_carousel|people_also_ask|related_searches|discussions_forums,,,,/features/cancellation-reminders,P3,Hotel-booking intent with Hotels Pack SERP; OTAs own it. TripCache is not a booking engine - stop chasing.
hotels with free cancellation,Free-cancellation hotels (booking intent),transactional,210,,,,38,3.91,sitelinks|video|hotels_pack|video_carousel|people_also_ask|related_searches,,,,/features/cancellation-reminders,P3,Hotel-booking intent with Hotels Pack SERP; OTAs own it. TripCache is not a booking engine - stop chasing.
booking com free cancellation,Free-cancellation hotels (booking intent),informational,50,,,,35,3.33,,,,,/features/cancellation-reminders,P3,Hotel-booking intent with Hotels Pack SERP; OTAs own it. TripCache is not a booking engine - stop chasing.
itinerary,Generic head terms,informational,135000,,,,75,1.88,,,,wanderlog.com #2,/,P3,KD 60-82 head terms owned by Wanderlog/TripIt/Google. Unwinnable for a new domain near term - stop chasing.
trip planner,Generic head terms,commercial,33100,,,,75,1.32,,,,tripit.com #8,/,P3,KD 60-82 head terms owned by Wanderlog/TripIt/Google. Unwinnable for a new domain near term - stop chasing.
travel planner,Generic head terms,informational,8100,3600,5400,2400,71,1.99,,,,wanderlog.com #1,/,P3,KD 60-82 head terms owned by Wanderlog/TripIt/Google. Unwinnable for a new domain near term - stop chasing.
travel itinerary,Generic head terms,informational,5400,1300,1300,880,62,1.84,,,,wanderlog.com #1,/,P3,KD 60-82 head terms owned by Wanderlog/TripIt/Google. Unwinnable for a new domain near term - stop chasing.
itinerary planner,Generic head terms,informational,3600,,,,74,1.44,,,,wanderlog.com #1,/,P3,KD 60-82 head terms owned by Wanderlog/TripIt/Google. Unwinnable for a new domain near term - stop chasing.
itinerary maker,Generic head terms,commercial,2400,,,,73,1.19,,,,wanderlog.com #1,/,P3,KD 60-82 head terms owned by Wanderlog/TripIt/Google. Unwinnable for a new domain near term - stop chasing.
trip planner app free,Generic head terms,commercial,260,,,,68,0.84,sitelinks|reviews|video|people_also_ask|related_searches|code52,,,,/,P3,KD 60-82 head terms owned by Wanderlog/TripIt/Google. Unwinnable for a new domain near term - stop chasing.
google trips,Google Trips replacement,navigational,8100,,,,82,1.18,,,,,/blog/google-travel-alternative-2026,P3,"'google trips' 8.1K is navigational KD 82 (stop); 'google trips alternative' is tiny but GSC shows pos 38.9 - refresh the existing page. Navigational to Google, KD 82 - stop chasing."
google trips alternative,Google Trips replacement,,20,20,20,20,,0,,gsc:38.9 (16 impr/28d); best page /blog/best-travel-apps-2025 @ 38.9,/blog/best-travel-apps-2025,,/blog/google-travel-alternative-2026,P3,'google trips' 8.1K is navigational KD 82 (stop); 'google trips alternative' is tiny but GSC shows pos 38.9 - refresh the existing page.
what is tripit,How TripIt / email forwarding works,informational+navigational,390,,,,45,0.6,sitelinks|reviews|video|video_carousel|people_also_ask|related_searches|code52,,,,/features/email-to-itinerary,P3,"TripIt-user support queries; low switch intent but explains TripCache's forward-to-email feature. Cover in an FAQ, not a dedicated page."
tripit email,How TripIt / email forwarding works,navigational,320,,,,31,0,reviews|video|people_also_ask|related_searches|code52,,,,/features/email-to-itinerary,P3,"TripIt-user support queries; low switch intent but explains TripCache's forward-to-email feature. Cover in an FAQ, not a dedicated page."
email for tripit,How TripIt / email forwarding works,informational+navigational,170,,,,28,0,reviews|video|people_also_ask|related_searches|code52,,,,/features/email-to-itinerary,P3,"TripIt-user support queries; low switch intent but explains TripCache's forward-to-email feature. Cover in an FAQ, not a dedicated page."
email tripit,How TripIt / email forwarding works,navigational,170,,,,30,0.13,reviews|people_also_ask|related_searches|code52,,,,/features/email-to-itinerary,P3,"TripIt-user support queries; low switch intent but explains TripCache's forward-to-email feature. Cover in an FAQ, not a dedicated page."
how does tripit work,How TripIt / email forwarding works,informational,140,20,20,20,31,0,reviews|video|video_carousel|people_also_ask|related_searches|short_videos|discussions_forums|code52,,,,/features/email-to-itinerary,P3,"TripIt-user support queries; low switch intent but explains TripCache's forward-to-email feature. Cover in an FAQ, not a dedicated page."
how to use tripit,How TripIt / email forwarding works,informational,140,,,,23,0,reviews|video|video_carousel|people_also_ask|related_searches|discussions_forums|code52,,,,/features/email-to-itinerary,P3,"TripIt-user support queries; low switch intent but explains TripCache's forward-to-email feature. Cover in an FAQ, not a dedicated page."
tripit forward email,How TripIt / email forwarding works,informational,140,40,20,20,24,0,sitelinks|video|people_also_ask|related_searches|code52,,,,/features/email-to-itinerary,P3,"TripIt-user support queries; low switch intent but explains TripCache's forward-to-email feature. Cover in an FAQ, not a dedicated page."
booking.com cancellation policy,How to cancel on Expedia/Booking (navigational how-to),informational,2900,210,880,140,41,2.11,,,,,NEW:/guides/cancellation-policy/booking-com,P3,Transactional/navigational to the OTA; the OTA's own help pages win. Fold into the brand policy page at most.
expedia hotel cancellation policy,How to cancel on Expedia/Booking (navigational how-to),informational,1000,20,590,90,40,3.12,related_searches,,,,NEW:/guides/cancellation-policy/expedia,P3,Transactional/navigational to the OTA; the OTA's own help pages win. Fold into the brand policy page at most.
expedia hotel cancellation,How to cancel on Expedia/Booking (navigational how-to),informational+navigational,720,,,,38,3.2,related_searches|discussions_forums|code52,,,,NEW:/guides/cancellation-policy/expedia,P3,Transactional/navigational to the OTA; the OTA's own help pages win. Fold into the brand policy page at most.
how to cancel expedia hotel,How to cancel on Expedia/Booking (navigational how-to),informational,720,,,,41,3.4,related_searches|discussions_forums,,,,NEW:/guides/cancellation-policy/expedia,P3,Transactional/navigational to the OTA; the OTA's own help pages win. Fold into the brand policy page at most.
how do you cancel a hotel reservation on expedia,How to cancel on Expedia/Booking (navigational how-to),informational,260,,,,38,3.22,featured_snippet|related_searches|discussions_forums,,,,NEW:/guides/cancellation-policy/expedia,P3,Transactional/navigational to the OTA; the OTA's own help pages win. Fold into the brand policy page at most.
how to cancel booking.com reservation,How to cancel on Expedia/Booking (navigational how-to),informational,140,,,,36,1.88,,,,,NEW:/guides/cancellation-policy/booking-com,P3,Transactional/navigational to the OTA; the OTA's own help pages win. Fold into the brand policy page at most.
kayak trips,KAYAK Trips,commercial,590,,,,41,0.85,,,,,/blog/google-travel-alternative-2026,P3,590 US KD 41 navigational for KAYAK's organizer; possible future alternative page.
kayak trips app,KAYAK Trips,,20,,,,,0,,,,,/blog/google-travel-alternative-2026,P3,590 US KD 41 navigational for KAYAK's organizer; possible future alternative page.
per diem calculator,Per diem calculator,informational,2900,20,40,90,25,3.69,,,,,NEW:/tools/per-diem-calculator,P3,"2.9K US, KD 25 but gov't (GSA) data dominates in all likelihood (SERP not checked - inference). Relevant to business travelers; build only after core P1s."
create an overview of global entry benefits and application process,Physical document organizers / immigration documents / passport apps,informational,6600,,,,31,2.14,,,,tripit.com #18,/blog/best-travel-document-organizer-app-2026,P3,SERP is Amazon/Target/Walmart (physical wallets) or USCIS I-131 / CBP apps. Wrong intent - stop chasing.
passport renew application online,Physical document organizers / immigration documents / passport apps,informational,1900,,,,63,2.32,,,,tripit.com #20,/blog/best-travel-document-organizer-app-2026,P3,SERP is Amazon/Target/Walmart (physical wallets) or USCIS I-131 / CBP apps. Wrong intent - stop chasing.
traveldoc,Physical document organizers / immigration documents / passport apps,navigational,1600,,,,43,2.71,sitelinks|reviews|video|people_also_ask|related_searches,,,,/blog/best-travel-document-organizer-app-2026,P3,SERP is Amazon/Target/Walmart (physical wallets) or USCIS I-131 / CBP apps. Wrong intent - stop chasing.
passport renewal online application,Physical document organizers / immigration documents / passport apps,informational,1300,,,,63,2.32,,,,tripit.com #16,/blog/best-travel-document-organizer-app-2026,P3,SERP is Amazon/Target/Walmart (physical wallets) or USCIS I-131 / CBP apps. Wrong intent - stop chasing.
passport apps,Physical document organizers / immigration documents / passport apps,informational,1000,,,,52,1.76,reviews|video|video_carousel|people_also_ask|related_searches,,,,/blog/best-travel-document-organizer-app-2026,P3,SERP is Amazon/Target/Walmart (physical wallets) or USCIS I-131 / CBP apps. Wrong intent - stop chasing.
trip applications,Physical document organizers / immigration documents / passport apps,commercial+informational,880,,,,39,2.25,,,,tripit.com #7,/blog/best-travel-document-organizer-app-2026,P3,SERP is Amazon/Target/Walmart (physical wallets) or USCIS I-131 / CBP apps. Wrong intent - stop chasing.
how to share united airlines itinerary,Share travel itinerary,informational,40,,,,25,0,sitelinks|video|people_also_ask|related_searches|code52,,,,/features,P3,Tiny volumes (20-40). Cover trip sharing in the features page.
share itinerary,Share travel itinerary,informational,30,,,,29,0.98,sitelinks|video|video_carousel|people_also_ask|related_searches|code52,,,,/features,P3,Tiny volumes (20-40). Cover trip sharing in the features page.
share united flight itinerary,Share travel itinerary,,30,,,,,0,,,,,/features,P3,Tiny volumes (20-40). Cover trip sharing in the features page.
travel and expense management,T&E software (B2B),commercial,880,,,,20,43,sitelinks|reviews|video|people_also_ask|related_searches|discussions_forums|code52,,,,/features/business-travel-expenses,P3,Enterprise T&E software intent (CPC $38-46); Concur/Navan/Expensify. Not TripCache's buyer - stop chasing.
travel and expense management software,T&E software (B2B),commercial,880,,,,36,45.71,reviews|video|ads_bottom|people_also_ask|related_searches|discussions_forums|code52,,,,/features/business-travel-expenses,P3,Enterprise T&E software intent (CPC $38-46); Concur/Navan/Expensify. Not TripCache's buyer - stop chasing.
travel expense management software,T&E software (B2B),informational,880,,,,29,40.47,reviews|video|related_searches|discussions_forums|code52,,,,/features/business-travel-expenses,P3,Enterprise T&E software intent (CPC $38-46); Concur/Navan/Expensify. Not TripCache's buyer - stop chasing.
travel expense management,T&E software (B2B),commercial,590,,,,26,43,sitelinks|reviews|video|ads_bottom|people_also_ask|related_searches|people_also_search|code52,,,,/features/business-travel-expenses,P3,Enterprise T&E software intent (CPC $38-46); Concur/Navan/Expensify. Not TripCache's buyer - stop chasing.
travel and expense software,T&E software (B2B),commercial,480,,,,34,37.89,video|ads_bottom|video_carousel|people_also_ask|related_searches|code52,,,,/features/business-travel-expenses,P3,Enterprise T&E software intent (CPC $38-46); Concur/Navan/Expensify. Not TripCache's buyer - stop chasing.
best travel and expense management tools security,T&E software (B2B),,390,,,,,0,,,,,/features/business-travel-expenses,P3,Enterprise T&E software intent (CPC $38-46); Concur/Navan/Expensify. Not TripCache's buyer - stop chasing.
travel document wallet app,Travel document app,,0,,,,,0,,,,,/blog/best-travel-document-organizer-app-2026,P3,"Quick win: page already ranks 14-18 (US 'travel document app', UK 'app for travel documents', CA 'app for travel documents' 260/mo). CA 'travel documents app' 320/mo KD 27."
tour itinerary template,Travel itinerary template,informational,590,,,,34,0.95,image_pack|sitelinks|reviews|video|image|video_carousel|related_searches,,,,/blog/travel-itinerary-template-2026,P3,"Largest relevant volume found (travel itinerary template 90.5K US, 8.1K UK, 4.4K AU/CA; KD 35-47). SERP = Canva, gdoc.io, Notion, Adobe plus small blogs (gatherandgotravel, yourcocotrip) -> winnable with a genuinely downloadable template (Docs/Sheets/Excel/PDF) and a 'skip the template, forward your emails' CTA."
travel app com,Trip / travel planner app (pre-trip planning intent),informational,4400,,,,36,2.02,,,,tripit.com #17,/blog/ai-trip-planner-2026,P3,"Planning-intent terms where Wanderlog (#1-2) and TripIt dominate and TripCache's post-booking value is a weaker match. Support via listicle, don't build new pages."
trip planner app,Trip / travel planner app (pre-trip planning intent),informational,2400,720,480,320,58,1.36,sitelinks|reviews|video|people_also_ask|related_searches|code52,,,wanderlog.com #2,/blog/ai-trip-planner-2026,P3,"Planning-intent terms where Wanderlog (#1-2) and TripIt dominate and TripCache's post-booking value is a weaker match. Support via listicle, don't build new pages."
travel planning app,Trip / travel planner app (pre-trip planning intent),informational,1300,,,,55,1.34,,gsc:48.0 (5 impr/28d),,tripit.com #8,/blog/ai-trip-planner-2026,P3,"Planning-intent terms where Wanderlog (#1-2) and TripIt dominate and TripCache's post-booking value is a weaker match. Support via listicle, don't build new pages."
trip planning app,Trip / travel planner app (pre-trip planning intent),informational,1300,,,,47,1.39,,,,tripit.com #12,/blog/ai-trip-planner-2026,P3,"Planning-intent terms where Wanderlog (#1-2) and TripIt dominate and TripCache's post-booking value is a weaker match. Support via listicle, don't build new pages."
trip planning apps,Trip / travel planner app (pre-trip planning intent),informational,1300,,,,48,1.39,,,,tripit.com #18,/blog/ai-trip-planner-2026,P3,"Planning-intent terms where Wanderlog (#1-2) and TripIt dominate and TripCache's post-booking value is a weaker match. Support via listicle, don't build new pages."
travel planner app,Trip / travel planner app (pre-trip planning intent),commercial,1000,480,590,320,69,1.12,sitelinks|reviews|video|people_also_ask|related_searches|discussions_forums|code52,gsc:50.7 (18 impr/28d); best page /blog/best-travel-apps-2025 @ 50.7,/blog/best-travel-apps-2025,tripit.com #9,/blog/ai-trip-planner-2026,P3,"Planning-intent terms where Wanderlog (#1-2) and TripIt dominate and TripCache's post-booking value is a weaker match. Support via listicle, don't build new pages."
travel planning apps,Trip / travel planner app (pre-trip planning intent),commercial+informational,1000,,,,40,1.21,,gsc:43.0 (1 impr/28d),,tripit.com #10,/blog/ai-trip-planner-2026,P3,"Planning-intent terms where Wanderlog (#1-2) and TripIt dominate and TripCache's post-booking value is a weaker match. Support via listicle, don't build new pages."
travel plan app,Trip / travel planner app (pre-trip planning intent),informational,110,,,,61,1.34,sitelinks|reviews|video|people_also_ask|related_searches|code52,semrush_us:52; gsc:50.5 (2 impr/28d),/blog/best-travel-apps-2025,,/blog/ai-trip-planner-2026,P3,"Planning-intent terms where Wanderlog (#1-2) and TripIt dominate and TripCache's post-booking value is a weaker match. Support via listicle, don't build new pages."
holiday planner app,Trip / travel planner app (pre-trip planning intent),informational,,170,320,30,62 (non-US),,,gsc:57.7 (3 impr/28d),,,/blog/ai-trip-planner-2026,P3,"Planning-intent terms where Wanderlog (#1-2) and TripIt dominate and TripCache's post-booking value is a weaker match. Support via listicle, don't build new pages."
tripco,TripCase navigational (login/site),informational+transactional,260,,,,36,1.25,sitelinks|reviews|video|related_searches,,,,/blog/tripcase-shutdown-what-now,P3,"Navigational queries for a dead product; low install intent. Do not optimize separately - just answer 'TripCase has shut down, here is how to export/move trips' on the main TripCase page."
tripco mart,TripCase navigational (login/site),informational+transactional,210,,,,24,0,knowledge_panel|reviews|related_searches,,,,/blog/tripcase-shutdown-what-now,P3,"Navigational queries for a dead product; low install intent. Do not optimize separately - just answer 'TripCase has shut down, here is how to export/move trips' on the main TripCase page."
tripcase login,TripCase navigational (login/site),informational+transactional,170,20,30,40,12,0.00,sitelinks|reviews|video|people_also_ask|related_searches|code52,semrush_us:9; gsc:7.9 (21 impr/28d); best page /blog/tripcase-shutdown-what-now @ 6.2,/blog/tripcase-shutdown-what-now,tripit.com #1,/blog/tripcase-shutdown-what-now,P3,"Navigational queries for a dead product; low install intent. Do not optimize separately - just answer 'TripCase has shut down, here is how to export/move trips' on the main TripCase page."
tripco route 66 market,TripCase navigational (login/site),informational+transactional,110,,,,25,0,knowledge_panel|reviews|video|people_also_ask|related_searches,,,,/blog/tripcase-shutdown-what-now,P3,"Navigational queries for a dead product; low install intent. Do not optimize separately - just answer 'TripCase has shut down, here is how to export/move trips' on the main TripCase page."
tripco fuels,TripCase navigational (login/site),commercial,90,,,,36,0,knowledge_panel|reviews|video|people_also_ask|related_searches|code52,,,,/blog/tripcase-shutdown-what-now,P3,"Navigational queries for a dead product; low install intent. Do not optimize separately - just answer 'TripCase has shut down, here is how to export/move trips' on the main TripCase page."
tripco medical,TripCase navigational (login/site),informational+transactional,90,,,,18,0,knowledge_panel,,,,/blog/tripcase-shutdown-what-now,P3,"Navigational queries for a dead product; low install intent. Do not optimize separately - just answer 'TripCase has shut down, here is how to export/move trips' on the main TripCase page."
tripcase com login,TripCase navigational (login/site),informational+transactional,40,,,,9,0.00,reviews|video|people_also_ask|related_searches|code52,semrush_us:8,/blog/tripcase-shutdown-what-now,tripit.com #1,/blog/tripcase-shutdown-what-now,P3,"Navigational queries for a dead product; low install intent. Do not optimize separately - just answer 'TripCase has shut down, here is how to export/move trips' on the main TripCase page."
tripcase com,TripCase navigational (login/site),informational,40,,,,15,0,sitelinks|reviews|video|people_also_ask|related_searches,gsc:14.3 (15 impr/28d); best page /blog/tripcase-shutdown-what-now @ 9.9,/blog/tripcase-shutdown-what-now,,/blog/tripcase-shutdown-what-now,P3,"Navigational queries for a dead product; low install intent. Do not optimize separately - just answer 'TripCase has shut down, here is how to export/move trips' on the main TripCase page."
tripcase flights,TripCase navigational (login/site),,30,,,,,0,,gsc:9.5 (8 impr/28d); best page /blog/tripcase-shutdown-what-now @ 9.5,/blog/tripcase-shutdown-what-now,,/blog/tripcase-shutdown-what-now,P3,"Navigational queries for a dead product; low install intent. Do not optimize separately - just answer 'TripCase has shut down, here is how to export/move trips' on the main TripCase page."
tripcase.com,TripCase navigational (login/site),,30,,,,,0,,gsc:7.1 (29 impr/28d); best page /blog/tripcase-shutdown-what-now @ 7.1,/blog/tripcase-shutdown-what-now,,/blog/tripcase-shutdown-what-now,P3,"Navigational queries for a dead product; low install intent. Do not optimize separately - just answer 'TripCase has shut down, here is how to export/move trips' on the main TripCase page."
sabre tripcase,TripCase navigational (login/site),,20,,,,,0,,gsc:8.3 (10 impr/28d); best page /blog/tripcase-shutdown-what-now @ 8.3,/blog/tripcase-shutdown-what-now,,/blog/tripcase-shutdown-what-now,P3,"Navigational queries for a dead product; low install intent. Do not optimize separately - just answer 'TripCase has shut down, here is how to export/move trips' on the main TripCase page."
tripit pro promo code,TripIt Pro cost / free vs Pro,informational+transactional,210,,,,15,0,reviews|people_also_ask|related_searches|code52,,,,/blog/tripit-vs-tripcache-comparison-2025,P3,"Price-sensitive TripIt users comparing Pro ($49/yr) - natural pitch for TripCache Pro. KD 21-33; SERP has 3rd-party reviews (thatanxioustraveller, techtalksummits, g2) so winnable. Page already gets GSC impressions at pos ~10 for 'tripit pro pricing'. Coupon intent - skip."
apps like tripit,TripIt alternative,,20,20,20,20,,1.35,,gsc:26.0 (1 impr/28d); best page /blog/tripcase-alternative-2025 @ 26.0,/blog/tripcase-alternative-2025,,/blog/best-tripit-alternatives-2026,P3,"Highest commercial-switch intent in the niche; KD 2-9. GSC shows Google prefers /blog/best-tripit-alternatives-2026 (pos 12.2) over /alternatives/tripit (43.9). Competing URLs: /alternatives/tripit, /blog/tripit-alternative-cancellation-reminders-documents-2026, /blog/tripcase-alternative-2025, /blog/best-travel-apps-2025 also rank (cannibalization)."
tripit,TripIt navigational,navigational,27100,,,,39,0.58,sitelinks|reviews|video|people_also_ask|related_searches|code52,,,,/blog/best-tripit-alternatives-2026,P3,"Pure TripIt brand/navigational queries (login, .com, app). TripIt owns positions 1-3. Do not chase."
tripit login,TripIt navigational,navigational+transactional,1900,,,,39,0,reviews|related_searches|code52,,,,/blog/best-tripit-alternatives-2026,P3,"Pure TripIt brand/navigational queries (login, .com, app). TripIt owns positions 1-3. Do not chase."
tripit.com login,TripIt navigational,navigational+transactional,1300,,,,50,0,reviews|video|related_searches,,,,/blog/best-tripit-alternatives-2026,P3,"Pure TripIt brand/navigational queries (login, .com, app). TripIt owns positions 1-3. Do not chase."
tripit app,TripIt navigational,informational,1000,,,,42,0.79,reviews|video|video_carousel|people_also_ask|related_searches|discussions_forums|code52,,,,/blog/best-tripit-alternatives-2026,P3,"Pure TripIt brand/navigational queries (login, .com, app). TripIt owns positions 1-3. Do not chase."
tripit com,TripIt navigational,navigational,590,,,,46,0.5,sitelinks|reviews|video|video_carousel|people_also_ask|related_searches,,,,/blog/best-tripit-alternatives-2026,P3,"Pure TripIt brand/navigational queries (login, .com, app). TripIt owns positions 1-3. Do not chase."
trip it app,TripIt navigational,informational,590,,,,40,0.61,,gsc:8.0 (1 impr/28d); best page /blog/tripit-vs-tripcache-comparison-2025 @ 8.0,/blog/tripit-vs-tripcache-comparison-2025,tripit.com #3,/blog/best-tripit-alternatives-2026,P3,"Pure TripIt brand/navigational queries (login, .com, app). TripIt owns positions 1-3. Do not chase."
wanderlog,Wanderlog navigational,navigational,60500,,,,52,1.56,sitelinks|reviews|video|video_carousel|people_also_ask|related_searches,,,,NEW:/alternatives/wanderlog,P3,Wanderlog brand/navigational. Do not chase.
wanderlog careers,Wanderlog navigational,commercial,5400,,,,39,0,reviews|jobs|people_also_ask|related_searches,,,,NEW:/alternatives/wanderlog,P3,Wanderlog brand/navigational. Do not chase.
